Course,Area of Interest,Accountancy,Business Studies,Economics,Mathematics,Statistics,Computer Science,English,Psychology,Sociology,Hindi,Logical Reasoning,Numerical Aptitude,Communication,Critical Thinking,Creativity,Empathy,Memory
BBA,Management & Administration,63,88,85,58,53,51,74,41,79,43,97,42,88,99,44,54,59
B.Com (E-Commerce),Digital Business,96,81,65,63,47,93,76,54,47,59,96,97,40,52,53,56,51
M.Com,Advanced Commerce & Research,80,64,99,80,88,59,57,60,53,41,59,48,73,97,42,55,100
BMS,Strategic Management,80,95,96,49,51,49,76,50,61,47,86,56,46,83,45,47,95
B.Com (Computer Applications),Business & IT,100,89,45,74,58,99,65,44,60,56,93,91,55,63,60,56,43
BMS,Strategic Management,73,93,88,55,59,52,62,46,67,50,99,57,40,85,60,46,90
B.Com (General),Business & Finance,91,91,87,55,48,59,68,40,54,45,83,85,73,79,40,43,42
CFA,Investment & Financial Analysis,83,64,85,83,91,52,40,52,60,41,96,81,48,76,53,48,66
CFA,Investment & Financial Analysis,90,62,100,97,81,54,48,48,43,45,96,86,51,74,56,47,69
B.Com (Computer Applications),Business & IT,83,84,55,60,49,83,79,50,53,50,91,81,48,61,46,57,44
B.Com (Computer Applications),Business & IT,86,87,49,76,40,88,67,58,43,47,93,80,49,60,50,56,56
B.Com (International Business),International Trade,69,84,91,47,50,50,94,50,67,59,84,48,88,79,51,46,54
B.Com (Professional Accounting),Professional Accounting & Auditing,88,76,91,77,100,55,48,40,52,43,99,59,55,81,54,50,76
B.Com (General),Business & Finance,99,94,82,59,60,47,66,57,44,57,80,85,64,73,40,58,42
B.Com (Taxation),Taxation & Audit,81,97,89,77,69,58,44,54,45,46,82,84,59,61,54,42,54
B.Com (Professional Accounting),Professional Accounting & Auditing,97,78,95,74,91,52,50,42,55,44,99,50,40,92,53,60,79
B.Com (International Business),International Trade,65,80,88,42,45,42,92,42,66,48,98,45,98,79,58,46,60
B.Com (General),Business & Finance,95,97,86,45,41,53,67,57,55,41,98,95,68,70,56,51,49
B.Com (International Business),International Trade,77,81,90,57,44,51,85,52,79,46,99,53,83,78,47,53,51
B.Com (General),Business & Finance,86,96,95,60,53,51,62,49,41,50,95,88,67,80,55,51,40
B.Com (Computer Applications),Business & IT,81,92,48,74,54,90,70,49,55,41,98,94,42,70,42,57,47
B.Com (Taxation),Taxation & Audit,86,92,87,69,67,59,47,59,49,54,97,83,54,76,40,52,44
B.Com (Hons),Corporate & Accounting Studies,93,75,93,94,61,47,47,49,52,57,50,95,44,61,58,51,96
B.Com (Taxation),Taxation & Audit,86,93,82,78,77,58,46,43,40,60,96,83,50,77,44,52,44
B.Com (Hons),Corporate & Accounting Studies,99,74,86,98,75,54,48,51,50,47,53,82,49,65,58,59,84
B.Com (Banking & Insurance),Banking & Insurance Services,91,88,99,64,91,52,46,41,55,44,77,86,76,43,46,43,45
CS,Corporate Law & Governance,77,80,89,50,44,42,90,45,69,56,67,60,91,80,56,46,57
B.Com (General),Business & Finance,93,96,81,53,53,54,76,56,43,55,95,94,71,70,41,47,41
CS,Corporate Law & Governance,79,96,93,57,45,47,80,49,78,58,69,44,99,80,48,41,52
B.Com (International Business),International Trade,60,98,80,42,40,42,82,60,60,54,96,54,89,77,45,40,48
BMS,Strategic Management,74,100,88,53,45,60,64,50,74,50,99,43,41,82,45,60,96
B.Com (Banking & Insurance),Banking & Insurance Services,87,82,99,61,94,53,50,49,48,40,73,91,69,52,59,47,44
B.Com (E-Commerce),Digital Business,90,90,62,65,49,88,75,47,56,55,92,93,43,40,55,40,57
B.Com (Taxation),Taxation & Audit,82,92,94,65,71,42,54,43,53,50,86,81,44,63,46,43,44
CFA,Investment & Financial Analysis,100,70,95,92,90,60,42,60,57,56,98,83,57,72,55,42,65
CS,Corporate Law & Governance,60,88,99,40,45,44,94,42,79,52,76,45,99,87,42,58,44
BBM,Business Leadership,67,93,95,44,53,48,60,42,55,56,51,48,95,76,92,86,48
M.Com,Advanced Commerce & Research,90,78,91,64,98,52,44,51,56,50,48,42,71,95,58,42,96
BMS,Strategic Management,72,81,80,60,50,55,79,52,64,45,93,45,55,93,42,59,80
B.Com (Hons),Corporate & Accounting Studies,80,76,96,82,69,50,42,59,46,44,55,93,51,70,50,52,93
B.Com (Professional Accounting),Professional Accounting & Auditing,87,77,94,66,95,44,40,46,49,46,91,45,55,85,56,44,71
B.Com (Computer Applications),Business & IT,88,89,50,69,44,89,67,40,44,58,85,81,54,76,47,42,42
BBA,Management & Administration,68,92,89,48,54,52,64,46,60,54,86,43,92,88,46,46,53
B.Com (Banking & Insurance),Banking & Insurance Services,88,96,95,62,100,52,52,56,57,51,62,88,63,47,52,47,50
M.Com,Advanced Commerce & Research,86,68,92,80,89,60,60,52,45,58,55,56,61,91,60,50,86
BMS,Strategic Management,62,80,88,46,41,42,75,47,65,55,89,44,51,83,53,41,84
B.Com (Taxation),Taxation & Audit,94,92,96,74,67,56,50,40,49,40,95,85,48,62,59,47,56
B.Com (Hons),Corporate & Accounting Studies,99,64,84,91,76,57,49,53,46,60,55,84,54,75,55,54,87
M.Com,Advanced Commerce & Research,91,79,85,72,88,41,46,54,42,45,55,51,60,85,47,45,87
BMS,Strategic Management,62,88,90,59,50,42,65,47,60,49,97,57,57,84,40,44,87
B.Com (E-Commerce),Digital Business,89,91,70,62,55,94,79,50,46,55,84,84,47,60,52,48,43
B.Com (Hons),Corporate & Accounting Studies,82,64,87,87,76,54,47,41,50,41,55,87,41,77,42,41,86
B.Com (Hons),Corporate & Accounting Studies,97,77,84,81,63,56,55,60,40,57,42,98,56,78,56,51,90
B.Com (Hons),Corporate & Accounting Studies,88,64,99,100,80,42,42,58,53,54,46,84,45,69,59,49,99
BBM,Business Leadership,66,88,98,46,53,52,78,53,58,41,52,48,95,71,85,93,54
B.Com (Hons),Corporate & Accounting Studies,100,68,98,94,74,40,60,56,47,46,44,84,40,64,42,45,81
B.Com (Hons),Corporate & Accounting Studies,100,74,97,80,72,55,47,48,47,44,47,87,48,77,41,44,94
CFA,Investment & Financial Analysis,80,67,87,100,94,47,44,44,60,49,95,93,60,65,58,54,75
CFA,Investment & Financial Analysis,94,62,96,99,80,57,50,48,46,53,96,86,40,78,51,60,79
B.Com (Banking & Insurance),Banking & Insurance Services,82,91,99,68,89,40,51,60,42,53,68,87,69,43,44,59,49
B.Com (Taxation),Taxation & Audit,91,91,98,66,70,51,59,46,42,48,87,84,58,77,54,42,51
B.Com (General),Business & Finance,97,85,97,45,59,47,71,56,46,42,83,87,64,71,48,45,57
BBM,Business Leadership,69,97,88,55,48,46,64,47,51,52,45,46,99,60,94,80,53
CFA,Investment & Financial Analysis,82,78,96,88,82,56,59,51,40,41,81,85,47,60,53,45,63
B.Com (Taxation),Taxation & Audit,98,83,90,80,67,52,57,49,40,53,95,98,46,79,43,59,50
B.Com (Hons),Corporate & Accounting Studies,99,63,84,84,77,58,58,50,52,51,50,95,58,72,56,47,83
B.Com (Computer Applications),Business & IT,98,87,57,73,40,88,66,60,51,49,99,100,59,74,54,60,49
BBM,Business Leadership,61,80,89,56,47,52,68,44,46,48,50,50,100,60,84,85,54
B.Com (Hons),Corporate & Accounting Studies,94,67,92,85,68,60,58,46,41,56,50,87,50,67,51,44,94
BBA,Management & Administration,80,98,87,45,54,44,70,51,64,55,90,59,93,94,41,50,47
CS,Corporate Law & Governance,68,92,100,47,60,49,93,55,64,54,66,41,80,85,44,60,54
BBA,Management & Administration,77,97,81,53,52,40,79,47,68,54,90,50,92,89,40,51,55
B.Com (Professional Accounting),Professional Accounting & Auditing,90,64,82,71,85,44,51,60,41,57,86,53,48,98,56,44,76
B.Com (Banking & Insurance),Banking & Insurance Services,82,98,89,77,85,46,51,47,47,58,73,87,73,50,51,41,58
BBA,Management & Administration,76,98,96,40,56,45,64,49,73,50,82,53,95,85,49,50,50
M.Com,Advanced Commerce & Research,89,68,100,62,85,51,52,58,41,45,41,45,72,91,60,40,100
BBA,Management & Administration,76,85,90,56,57,53,60,43,65,59,86,58,99,93,48,52,56
B.Com (Computer Applications),Business & IT,89,96,56,65,42,80,68,47,44,60,89,91,47,77,47,43,57
BBM,Business Leadership,62,99,84,54,41,59,80,52,60,48,60,42,97,62,84,85,58
CA,Chartered Accountancy & Auditing,91,66,87,83,76,42,51,45,51,51,84,100,43,62,42,52,92
B.Com (General),Business & Finance,90,85,83,44,46,52,79,58,60,53,81,80,63,63,55,50,57
CA,Chartered Accountancy & Auditing,93,78,95,93,77,47,59,43,41,58,88,92,47,76,54,49,87
B.Com (General),Business & Finance,99,80,82,54,52,56,69,42,49,51,97,84,80,76,58,52,56
B.Com (Hons),Corporate & Accounting Studies,95,67,91,88,65,43,51,49,55,52,50,80,49,62,54,57,86
CFA,Investment & Financial Analysis,99,76,92,100,90,55,58,40,49,55,86,85,57,79,52,51,66
B.Com (E-Commerce),Digital Business,88,97,74,79,48,94,74,56,46,56,97,94,56,54,43,47,49
B.Com (Professional Accounting),Professional Accounting & Auditing,95,64,83,75,95,59,50,54,45,56,94,55,59,84,53,41,60
M.Com,Advanced Commerce & Research,89,73,95,62,89,55,56,60,52,57,54,59,78,90,55,57,82
B.Com (Banking & Insurance),Banking & Insurance Services,83,89,88,60,82,59,47,45,46,58,65,88,76,47,55,45,59
CFA,Investment & Financial Analysis,83,78,81,86,86,55,41,45,59,48,81,94,56,65,45,46,75
B.Com (Taxation),Taxation & Audit,98,80,88,69,77,52,57,54,49,53,84,96,43,74,43,56,40
CFA,Investment & Financial Analysis,100,72,85,100,87,57,49,48,53,51,83,97,50,80,49,45,77
B.Com (Computer Applications),Business & IT,96,83,54,72,59,91,66,42,45,59,96,92,52,60,46,44,60
M.Com,Advanced Commerce & Research,95,80,80,61,94,41,40,56,46,45,46,50,67,90,41,58,91
B.Com (Hons),Corporate & Accounting Studies,91,64,99,81,68,51,58,60,59,58,41,83,40,80,47,40,85
B.Com (Banking & Insurance),Banking & Insurance Services,86,100,84,71,83,45,47,48,44,42,71,86,67,53,47,41,40
B.Com (Taxation),Taxation & Audit,80,82,92,64,80,46,50,60,48,56,84,82,54,65,45,47,60
B.Com (Professional Accounting),Professional Accounting & Auditing,95,77,98,79,98,59,55,49,40,51,83,59,59,80,59,52,74
B.Com (Hons),Corporate & Accounting Studies,90,80,86,94,69,55,58,58,41,52,51,87,48,70,51,51,89
BMS,Strategic Management,73,86,83,41,46,57,70,42,64,49,80,41,47,86,45,58,82
B.Com (Taxation),Taxation & Audit,92,88,85,73,71,53,49,58,52,49,92,98,57,76,60,50,40
B.Com (General),Business & Finance,80,88,84,60,55,60,77,55,54,49,88,99,79,71,51,47,50
M.Com,Advanced Commerce & Research,97,68,98,72,92,59,50,60,46,49,44,52,70,95,45,40,90
B.Com (Banking & Insurance),Banking & Insurance Services,87,80,96,67,82,54,49,55,48,46,80,82,75,52,52,43,50
BMS,Strategic Management,76,89,97,56,57,51,68,50,71,43,82,47,58,83,49,51,85
B.Com (Taxation),Taxation & Audit,87,92,97,72,73,42,46,43,49,52,94,95,47,70,59,51,55
BMS,Strategic Management,66,99,93,50,48,43,72,55,67,41,95,45,47,87,49,50,87
M.Com,Advanced Commerce & Research,82,73,97,70,100,59,47,58,51,51,59,59,80,92,42,56,99
BBM,Business Leadership,68,87,92,48,47,46,64,52,52,50,52,60,93,78,93,90,57
B.Com (Taxation),Taxation & Audit,89,97,99,67,78,54,44,42,47,47,89,99,59,80,44,44,58
CS,Corporate Law & Governance,68,90,92,55,46,54,96,43,79,43,68,58,83,99,40,49,47
CFA,Investment & Financial Analysis,96,77,82,100,100,56,48,54,51,52,84,91,59,76,53,58,68
CFA,Investment & Financial Analysis,82,65,88,89,95,42,52,43,40,51,98,96,43,71,43,57,67
B.Com (International Business),International Trade,76,93,99,43,40,48,90,46,73,44,99,40,94,70,50,55,55
B.Com (Computer Applications),Business & IT,91,82,51,73,48,91,68,48,57,54,96,87,60,64,46,58,41
BBA,Management & Administration,67,92,85,53,57,58,64,48,78,55,96,58,99,94,51,54,55
B.Com (Hons),Corporate & Accounting Studies,80,74,87,90,63,43,52,51,60,45,54,94,56,68,54,43,87
BBM,Business Leadership,72,89,91,50,45,50,76,58,48,51,55,43,88,69,80,93,45
B.Com (Hons),Corporate & Accounting Studies,88,77,95,96,72,50,42,46,48,60,43,100,46,66,44,58,96
BBM,Business Leadership,77,94,93,51,59,47,61,57,55,42,44,57,89,66,93,87,45
B.Com (Computer Applications),Business & IT,80,80,40,76,43,93,76,50,46,52,82,87,46,61,55,49,56
B.Com (Banking & Insurance),Banking & Insurance Services,88,99,86,73,88,56,59,56,42,52,63,89,64,53,45,59,50
B.Com (Hons),Corporate & Accounting Studies,97,62,92,89,80,49,54,43,60,59,44,98,54,69,44,55,93
B.Com (Banking & Insurance),Banking & Insurance Services,100,95,81,76,97,48,44,56,41,56,79,93,64,60,40,53,48
B.Com (E-Commerce),Digital Business,92,92,77,80,58,88,69,50,43,52,94,92,43,53,57,48,51
B.Com (Computer Applications),Business & IT,85,99,59,67,43,88,70,43,46,47,82,91,54,67,41,57,57
B.Com (General),Business & Finance,89,84,87,56,46,51,64,56,43,45,81,100,67,67,47,42,46
B.Com (Taxation),Taxation & Audit,83,95,86,67,64,43,42,60,40,43,86,89,44,62,46,46,40
CFA,Investment & Financial Analysis,96,63,90,88,93,40,41,59,44,40,82,92,47,78,53,60,63
B.Com (Banking & Insurance),Banking & Insurance Services,95,89,80,79,100,42,50,46,58,58,65,93,61,41,40,48,40
M.Com,Advanced Commerce & Research,81,70,99,78,91,45,42,44,41,51,45,58,71,89,51,54,85
M.Com,Advanced Commerce & Research,84,66,91,74,88,40,54,59,50,51,49,47,66,95,54,53,96
B.Com (International Business),International Trade,73,80,89,43,44,49,93,58,74,42,91,41,92,74,52,48,41
B.Com (Computer Applications),Business & IT,95,98,54,80,51,99,76,53,52,40,85,81,52,62,51,41,40
CS,Corporate Law & Governance,65,82,82,60,59,41,100,42,68,53,77,58,94,99,56,59,59
B.Com (International Business),International Trade,79,81,87,40,59,55,100,60,70,43,88,57,85,76,50,55,59
B.Com (Hons),Corporate & Accounting Studies,91,73,96,93,72,47,46,59,40,55,43,100,41,70,45,44,81
BMS,Strategic Management,65,95,96,52,43,40,61,40,66,41,81,52,41,84,45,59,100
B.Com (Taxation),Taxation & Audit,83,88,89,76,79,46,59,53,50,42,87,90,51,80,43,57,43
B.Com (Banking & Insurance),Banking & Insurance Services,85,92,80,60,98,51,52,49,54,43,71,95,62,56,58,46,46
B.Com (General),Business & Finance,90,84,90,58,45,46,73,44,54,55,100,100,72,69,56,44,52
B.Com (International Business),International Trade,74,83,80,46,53,51,90,55,71,56,86,60,93,77,56,60,41
BBM,Business Leadership,64,83,86,48,48,50,76,55,43,55,56,42,87,76,93,98,40
B.Com (Computer Applications),Business & IT,91,97,48,74,50,83,63,42,43,54,91,87,54,76,57,52,40
B.Com (International Business),International Trade,80,87,98,53,48,52,89,55,63,57,95,47,93,79,41,55,59
B.Com (Banking & Insurance),Banking & Insurance Services,100,82,100,78,87,45,53,58,46,54,66,97,74,55,48,53,48
BBM,Business Leadership,74,82,85,47,48,57,64,40,47,51,49,60,93,73,87,93,51
B.Com (International Business),International Trade,74,97,81,40,46,42,96,50,74,47,99,45,90,72,53,46,60
B.Com (International Business),International Trade,69,85,93,50,54,56,92,47,74,49,89,44,87,70,54,45,44
B.Com (Taxation),Taxation & Audit,94,81,83,80,61,55,56,41,43,55,80,98,52,74,60,50,46
B.Com (Taxation),Taxation & Audit,96,94,91,71,65,50,43,51,40,51,89,93,58,68,58,44,42
B.Com (Hons),Corporate & Accounting Studies,100,68,83,80,80,53,47,42,52,53,42,81,60,74,57,45,80
CA,Chartered Accountancy & Auditing,99,80,89,82,73,46,48,48,40,44,88,99,44,67,53,45,100
CFA,Investment & Financial Analysis,92,62,81,82,80,51,51,41,41,45,85,91,51,76,40,55,70
M.Com,Advanced Commerce & Research,97,60,82,64,85,58,51,56,54,44,60,52,76,94,40,57,92
B.Com (Taxation),Taxation & Audit,83,92,90,77,62,43,41,40,44,41,100,87,51,66,47,52,47
M.Com,Advanced Commerce & Research,93,80,99,60,96,47,47,55,44,49,42,52,68,82,49,49,86
B.Com (E-Commerce),Digital Business,80,82,75,73,56,95,78,50,41,50,81,91,41,46,54,47,45
B.Com (Taxation),Taxation & Audit,91,89,98,68,74,48,52,52,43,57,92,86,46,67,59,55,51
BMS,Strategic Management,75,83,88,40,51,45,80,51,68,59,86,60,50,94,52,53,90
CFA,Investment & Financial Analysis,84,72,90,86,98,49,55,42,52,51,80,81,46,72,58,53,64
B.Com (Taxation),Taxation & Audit,97,92,85,72,66,57,42,42,60,56,86,80,55,80,55,45,55
BMS,Strategic Management,73,95,99,50,47,45,66,40,69,51,80,52,56,85,51,51,84
BBM,Business Leadership,79,93,83,58,59,58,69,48,60,51,56,57,86,65,81,90,46
BBM,Business Leadership,62,98,96,47,60,50,78,54,41,51,46,53,89,70,96,82,56
B.Com (Taxation),Taxation & Audit,89,99,92,61,71,40,41,41,56,41,84,84,53,79,45,46,55
B.Com (Professional Accounting),Professional Accounting & Auditing,89,80,93,60,93,53,54,50,57,44,99,43,48,98,43,54,69
B.Com (International Business),International Trade,77,88,90,45,56,44,88,48,75,49,94,46,94,80,55,41,59
B.Com (International Business),International Trade,79,80,97,44,60,43,95,42,78,51,86,53,95,76,53,40,54
B.Com (General),Business & Finance,89,100,85,42,56,56,77,43,56,41,98,92,66,80,41,51,48
B.Com (E-Commerce),Digital Business,82,92,76,78,55,81,77,57,50,44,95,84,51,52,60,50,57
B.Com (E-Commerce),Digital Business,94,100,61,68,59,81,79,44,56,44,83,91,48,54,54,45,52
CS,Corporate Law & Governance,75,88,88,41,54,56,84,46,76,50,79,46,100,90,60,46,56
BBA,Management & Administration,66,81,95,48,42,59,64,44,78,41,95,47,94,98,40,57,54
B.Com (Taxation),Taxation & Audit,99,97,83,80,64,59,53,40,49,58,98,87,46,69,46,50,42
B.Com (Computer Applications),Business & IT,98,100,46,65,43,99,68,40,55,48,88,96,51,73,54,47,50
B.Com (International Business),International Trade,77,88,100,52,46,46,92,50,67,40,92,46,93,66,53,58,59
BBA,Management & Administration,67,89,98,44,54,45,61,57,70,56,83,60,93,98,57,45,47
CA,Chartered Accountancy & Auditing,100,79,100,82,71,57,47,59,52,41,95,95,49,67,42,43,85
BBM,Business Leadership,70,90,89,45,51,52,75,54,46,41,41,41,82,63,80,86,48
BBM,Business Leadership,70,89,89,42,60,44,68,55,49,60,52,56,88,61,83,81,58
M.Com,Advanced Commerce & Research,85,78,98,79,99,52,49,58,41,59,53,40,64,86,41,49,81
B.Com (E-Commerce),Digital Business,99,83,60,64,42,81,67,42,58,52,94,81,47,54,49,54,50
CFA,Investment & Financial Analysis,91,70,91,81,83,50,59,42,41,60,82,83,46,61,43,55,70
B.Com (E-Commerce),Digital Business,94,86,61,65,42,82,74,42,52,52,98,100,40,60,60,49,47
CA,Chartered Accountancy & Auditing,97,68,91,95,66,56,41,48,47,58,89,98,42,63,58,41,100
BBM,Business Leadership,61,89,93,52,59,57,70,56,54,54,43,51,94,61,83,100,56
CS,Corporate Law & Governance,71,87,97,45,42,53,93,47,73,54,65,54,86,80,59,51,52
B.Com (Taxation),Taxation & Audit,93,99,90,69,60,55,57,57,59,50,83,90,60,73,53,44,55
CA,Chartered Accountancy & Auditing,88,62,88,97,75,41,54,59,56,53,95,87,42,61,55,51,99
CS,Corporate Law & Governance,60,80,90,45,42,42,95,56,66,58,78,51,88,99,55,53,40
CFA,Investment & Financial Analysis,99,75,82,85,98,43,55,53,59,48,81,100,45,73,45,43,67
B.Com (General),Business & Finance,88,96,85,42,59,58,62,45,46,49,88,87,69,74,54,53,41
BMS,Strategic Management,74,92,96,47,56,52,71,56,73,49,90,44,49,80,43,53,85
BMS,Strategic Management,80,96,98,45,47,50,62,49,72,60,87,52,42,84,48,50,88
B.Com (E-Commerce),Digital Business,89,94,70,60,45,94,69,42,57,49,91,84,45,56,40,42,41
BMS,Strategic Management,77,86,99,56,50,59,65,41,76,42,99,49,43,89,59,59,99
B.Com (Banking & Insurance),Banking & Insurance Services,94,80,89,63,93,40,45,54,40,45,77,92,71,44,55,48,50
B.Com (International Business),International Trade,76,100,91,54,57,51,86,50,60,42,94,55,96,65,44,43,51
BBA,Management & Administration,67,99,92,60,55,40,64,45,76,53,100,58,96,97,54,59,52
B.Com (E-Commerce),Digital Business,85,82,65,76,55,80,79,51,44,46,87,98,52,40,58,46,40
BBA,Management & Administration,74,92,100,60,52,40,72,47,77,52,98,59,86,89,56,55,56
B.Com (International Business),International Trade,66,97,91,41,57,49,98,51,75,42,86,48,81,67,44,58,58
CS,Corporate Law & Governance,63,97,80,42,54,49,94,51,69,59,74,57,95,92,40,46,50
B.Com (General),Business & Finance,85,96,86,48,40,45,69,40,58,59,90,88,60,78,50,60,40
CFA,Investment & Financial Analysis,92,72,93,80,92,50,58,60,57,41,97,94,40,76,60,51,66
B.Com (Hons),Corporate & Accounting Studies,85,62,86,81,73,51,53,51,51,41,49,93,60,68,60,55,89
M.Com,Advanced Commerce & Research,81,74,85,64,87,59,51,55,42,43,45,42,73,83,42,53,87
B.Com (Professional Accounting),Professional Accounting & Auditing,89,79,90,71,100,58,45,45,46,40,91,47,60,84,49,59,76
B.Com (International Business),International Trade,63,82,95,55,55,49,94,51,77,41,82,54,92,60,47,46,49
CFA,Investment & Financial Analysis,92,74,99,89,85,59,48,49,40,55,83,82,53,65,56,42,77
BBA,Management & Administration,60,100,90,50,55,56,70,54,79,44,86,60,86,96,42,60,50
B.Com (International Business),International Trade,68,85,89,43,46,60,83,60,61,48,86,51,82,78,50,54,58
BMS,Strategic Management,67,84,96,41,53,41,73,43,60,52,82,53,60,80,54,40,82
BBA,Management & Administration,78,89,83,42,45,40,67,48,72,58,88,44,99,95,54,50,56
B.Com (General),Business & Finance,92,88,87,59,59,44,74,49,46,53,86,99,64,66,50,43,42
CS,Corporate Law & Governance,69,87,86,45,57,48,92,40,79,44,60,56,83,95,40,50,55
BBA,Management & Administration,67,96,86,53,54,57,77,58,69,41,91,48,84,100,57,52,60
CFA,Investment & Financial Analysis,81,77,97,86,96,40,56,52,53,58,90,98,50,64,55,51,75
M.Com,Advanced Commerce & Research,99,65,88,79,99,49,51,51,46,46,54,46,65,99,41,52,86
B.Com (Professional Accounting),Professional Accounting & Auditing,99,80,84,74,82,55,52,42,44,49,94,47,46,93,56,45,80
M.Com,Advanced Commerce & Research,90,64,89,80,91,58,51,52,47,48,46,54,62,91,59,60,96
CA,Chartered Accountancy & Auditing,98,64,94,99,64,45,43,45,51,40,94,92,52,69,56,49,87
BBM,Business Leadership,80,81,98,52,59,47,69,52,41,59,55,56,99,75,92,94,54
B.Com (Banking & Insurance),Banking & Insurance Services,96,96,88,64,89,41,44,58,49,51,74,80,71,50,53,49,55
B.Com (General),Business & Finance,90,88,92,50,47,48,74,50,47,51,83,100,77,62,45,53,40
BMS,Strategic Management,79,98,81,49,57,41,69,49,74,46,83,51,60,94,42,44,94
M.Com,Advanced Commerce & Research,81,72,89,73,85,44,47,53,40,58,44,52,61,83,50,48,98
B.Com (Professional Accounting),Professional Accounting & Auditing,81,73,86,65,87,47,48,60,60,40,81,54,48,83,49,52,71
B.Com (International Business),International Trade,75,96,86,58,47,43,97,52,65,50,90,55,96,70,56,43,59
B.Com (Banking & Insurance),Banking & Insurance Services,100,83,89,63,99,43,57,40,45,50,66,96,73,51,49,44,47
B.Com (Banking & Insurance),Banking & Insurance Services,96,84,86,66,83,51,47,40,42,53,66,80,64,58,55,49,58
CA,Chartered Accountancy & Auditing,91,79,93,89,78,49,42,41,41,54,87,80,47,67,41,55,100
B.Com (Professional Accounting),Professional Accounting & Auditing,94,69,99,71,89,55,53,52,56,60,89,41,54,99,54,60,70
BBM,Business Leadership,72,82,83,46,41,41,67,56,43,46,40,60,80,75,86,92,45
BMS,Strategic Management,71,98,84,53,59,53,77,54,64,51,89,50,57,85,47,45,98
B.Com (Computer Applications),Business & IT,98,80,47,73,56,83,60,51,45,56,82,98,46,67,58,56,60
CFA,Investment & Financial Analysis,94,65,92,83,85,52,45,59,47,50,82,80,43,63,54,46,61
CA,Chartered Accountancy & Auditing,87,65,91,89,65,58,52,48,44,42,80,81,58,74,54,60,96
M.Com,Advanced Commerce & Research,92,77,97,69,90,45,45,56,54,48,53,59,80,92,42,47,96
B.Com (Banking & Insurance),Banking & Insurance Services,97,83,82,68,82,44,40,51,56,56,78,98,74,60,53,56,48
B.Com (General),Business & Finance,100,96,93,48,40,48,80,52,56,49,97,100,66,77,41,41,60
BMS,Strategic Management,71,97,85,49,58,52,60,42,70,54,93,47,47,86,42,59,90
B.Com (Professional Accounting),Professional Accounting & Auditing,87,61,94,75,88,56,58,59,59,46,88,40,45,93,41,43,60
B.Com (E-Commerce),Digital Business,93,89,60,73,57,80,60,50,41,44,94,95,50,40,49,44,55
B.Com (General),Business & Finance,91,87,83,40,43,47,67,54,41,42,97,81,68,63,55,53,53
CFA,Investment & Financial Analysis,85,66,92,89,83,55,41,40,45,57,91,82,47,71,56,54,65
CS,Corporate Law & Governance,67,90,96,41,45,50,96,48,80,54,74,40,95,91,50,42,51
B.Com (Hons),Corporate & Accounting Studies,96,72,87,89,67,48,48,53,49,57,44,91,49,65,41,58,82
B.Com (International Business),International Trade,75,97,84,59,57,54,88,52,63,49,83,42,96,69,46,59,52
BMS,Strategic Management,69,85,88,50,47,55,77,48,61,42,84,51,47,80,58,60,84
CA,Chartered Accountancy & Auditing,89,62,80,96,67,40,55,53,52,50,96,88,49,62,41,53,90
CFA,Investment & Financial Analysis,96,62,80,90,95,51,48,47,54,45,82,100,45,68,55,46,75
B.Com (Computer Applications),Business & IT,86,92,53,74,41,83,67,45,43,53,83,91,43,61,43,52,40
BMS,Strategic Management,70,91,96,56,40,46,79,58,69,49,91,41,59,93,57,45,96
BBM,Business Leadership,74,94,100,40,57,53,64,53,43,41,55,51,95,77,100,90,49
B.Com (Taxation),Taxation & Audit,93,84,86,70,61,43,47,41,59,60,89,88,51,64,43,41,40
CFA,Investment & Financial Analysis,99,61,84,98,83,49,49,57,53,43,100,93,45,78,57,41,68
BMS,Strategic Management,65,96,98,56,58,43,74,49,73,59,86,46,49,95,58,60,99
CA,Chartered Accountancy & Auditing,84,66,94,91,74,43,51,43,60,51,99,91,49,78,40,58,81
CFA,Investment & Financial Analysis,98,75,90,81,88,46,47,57,47,54,100,97,48,68,59,53,77
B.Com (Banking & Insurance),Banking & Insurance Services,98,88,96,69,91,55,45,40,51,55,73,90,80,48,43,54,52
B.Com (International Business),International Trade,61,83,89,46,51,41,99,54,64,53,83,47,91,71,40,44,44
B.Com (Taxation),Taxation & Audit,85,83,88,73,63,49,56,40,43,57,80,90,53,76,56,44,59
B.Com (Professional Accounting),Professional Accounting & Auditing,81,74,87,74,89,44,53,56,46,42,96,58,59,97,56,41,68
B.Com (Taxation),Taxation & Audit,99,87,85,72,60,51,49,53,48,44,96,89,48,76,40,55,43
B.Com (Professional Accounting),Professional Accounting & Auditing,96,69,99,71,90,44,43,42,54,53,80,40,45,91,57,42,68
B.Com (International Business),International Trade,66,87,92,44,52,56,94,52,62,49,89,54,94,64,48,46,57
B.Com (Hons),Corporate & Accounting Studies,99,76,91,91,69,40,53,56,53,59,48,95,56,78,43,46,89
M.Com,Advanced Commerce & Research,90,68,81,61,84,46,41,56,45,53,50,49,67,93,52,56,93
B.Com (General),Business & Finance,85,91,88,42,60,56,68,50,43,51,89,81,75,78,53,50,55
B.Com (General),Business & Finance,98,93,81,43,41,51,69,55,46,52,93,98,75,60,52,55,42
CS,Corporate Law & Governance,78,86,95,59,59,45,90,49,79,53,70,52,94,92,40,43,43
CFA,Investment & Financial Analysis,89,63,82,82,89,42,57,52,50,51,83,92,58,73,40,55,79
BBA,Management & Administration,80,88,100,42,58,45,71,44,71,46,91,44,84,82,47,60,47
BMS,Strategic Management,60,86,84,47,60,57,65,41,71,57,80,46,58,93,48,60,99
B.Com (E-Commerce),Digital Business,86,98,60,69,50,96,61,51,54,45,95,97,53,57,45,40,55
B.Com (General),Business & Finance,90,100,83,48,59,60,76,51,41,48,92,92,69,62,46,47,46
BBA,Management & Administration,64,97,92,52,58,55,67,51,73,46,97,60,86,89,52,54,46
B.Com (Computer Applications),Business & IT,99,91,42,61,45,89,71,57,57,50,90,84,57,64,51,58,40
B.Com (Professional Accounting),Professional Accounting & Auditing,96,61,95,63,95,44,51,45,50,48,86,58,54,97,47,40,64
BBA,Management & Administration,76,97,98,56,43,55,66,54,71,56,91,53,96,84,46,55,44
B.Com (General),Business & Finance,94,80,87,56,42,47,71,60,42,55,97,96,61,64,56,43,59
BBA,Management & Administration,63,85,93,41,51,51,80,46,75,47,100,48,86,94,40,48,60
B.Com (Taxation),Taxation & Audit,94,90,90,80,74,51,57,47,48,60,97,80,48,76,47,48,41
B.Com (Banking & Insurance),Banking & Insurance Services,91,93,93,61,80,44,42,53,53,46,66,83,66,46,59,48,50
BBA,Management & Administration,69,92,80,56,40,60,73,54,71,52,97,43,87,80,56,48,57
BBA,Management & Administration,76,90,93,57,53,46,65,56,73,41,81,55,88,88,45,41,51
B.Com (General),Business & Finance,86,83,98,50,41,46,64,46,44,59,100,90,68,61,60,50,43
B.Com (Hons),Corporate & Accounting Studies,89,67,88,92,66,54,40,55,60,48,53,100,55,76,45,44,86
BMS,Strategic Management,69,80,91,44,46,43,75,55,75,40,90,40,58,93,49,56,100
B.Com (Computer Applications),Business & IT,91,96,54,70,49,94,74,54,44,54,81,90,49,67,42,53,45
B.Com (Taxation),Taxation & Audit,89,91,88,60,60,58,48,40,57,44,85,87,54,66,54,42,44
B.Com (International Business),International Trade,62,80,80,47,41,55,80,58,79,48,80,43,95,66,53,44,56
BBA,Management & Administration,70,90,97,54,60,57,64,58,79,47,82,43,96,84,47,57,60
B.Com (E-Commerce),Digital Business,85,91,80,63,44,99,78,55,57,41,82,92,48,54,46,50,53
B.Com (General),Business & Finance,96,98,98,48,53,60,65,48,49,53,87,95,73,80,45,43,48
B.Com (Professional Accounting),Professional Accounting & Auditing,100,73,96,69,82,51,59,46,45,45,89,47,40,97,44,47,77
B.Com (Banking & Insurance),Banking & Insurance Services,99,84,90,72,94,44,55,43,41,45,62,98,62,45,41,43,59
B.Com (General),Business & Finance,95,82,97,54,58,60,66,44,47,58,94,98,80,73,52,52,45
M.Com,Advanced Commerce & Research,94,64,82,64,93,50,42,56,54,44,55,47,66,91,57,50,85
B.Com (Computer Applications),Business & IT,82,86,52,74,56,84,75,48,55,49,80,88,51,61,48,59,46
CS,Corporate Law & Governance,74,94,91,41,49,48,99,54,61,54,77,53,86,97,44,53,41
B.Com (Banking & Insurance),Banking & Insurance Services,100,85,86,73,85,41,50,50,58,45,74,80,66,42,59,47,44
B.Com (International Business),International Trade,60,97,92,60,56,49,83,56,70,41,84,51,86,70,59,50,40
B.Com (Taxation),Taxation & Audit,82,86,94,75,62,49,48,43,56,40,90,98,40,78,42,44,51
B.Com (Banking & Insurance),Banking & Insurance Services,91,100,92,60,91,44,55,52,48,41,71,99,67,49,47,50,58
CS,Corporate Law & Governance,70,88,96,53,47,41,92,53,63,52,73,60,84,86,60,45,46
M.Com,Advanced Commerce & Research,81,79,89,68,81,53,48,57,53,55,56,46,67,87,43,44,100
B.Com (General),Business & Finance,82,84,82,49,53,54,73,56,60,46,93,95,78,60,42,54,48
B.Com (Hons),Corporate & Accounting Studies,97,63,98,83,62,44,40,41,57,57,48,89,56,77,48,51,97
BBM,Business Leadership,78,92,89,51,40,50,68,44,44,59,42,54,87,69,98,81,53
B.Com (General),Business & Finance,82,93,80,51,42,50,64,42,42,49,91,90,80,60,44,43,45
B.Com (Professional Accounting),Professional Accounting & Auditing,99,78,81,67,90,52,47,50,50,46,81,48,47,97,53,56,75
BBA,Management & Administration,66,81,80,53,55,46,68,42,77,52,82,52,98,100,49,49,45
BBM,Business Leadership,61,97,97,54,45,46,69,58,56,49,41,48,87,63,100,91,49
B.Com (Taxation),Taxation & Audit,82,100,86,72,71,58,59,44,52,43,95,85,46,80,50,42,40
B.Com (Professional Accounting),Professional Accounting & Auditing,88,60,93,64,89,40,51,57,45,49,89,41,55,94,40,59,65
CS,Corporate Law & Governance,76,90,84,56,49,48,83,58,80,55,61,53,84,80,52,52,46
B.Com (E-Commerce),Digital Business,95,89,62,74,50,89,74,52,57,43,80,92,53,46,42,54,43
B.Com (Professional Accounting),Professional Accounting & Auditing,89,61,87,67,85,45,43,59,51,40,98,40,41,89,55,43,67
CA,Chartered Accountancy & Auditing,94,60,93,95,65,48,49,54,60,58,85,92,40,71,41,50,90
BBM,Business Leadership,72,94,85,52,48,50,67,47,55,58,53,60,89,72,97,85,54
B.Com (Taxation),Taxation & Audit,83,93,85,72,69,60,53,41,47,43,98,93,50,65,46,45,57
B.Com (Professional Accounting),Professional Accounting & Auditing,100,79,96,62,100,50,55,55,42,42,98,46,59,90,56,54,70
BBM,Business Leadership,76,81,80,59,52,49,60,59,40,46,52,51,96,79,97,80,55
B.Com (General),Business & Finance,87,96,90,52,53,56,72,53,50,52,94,99,73,60,45,57,51
B.Com (E-Commerce),Digital Business,100,81,66,74,43,85,73,50,40,54,99,86,48,57,58,51,44
B.Com (E-Commerce),Digital Business,99,90,60,73,42,97,66,45,60,41,96,84,54,58,58,58,58
BBM,Business Leadership,67,83,94,40,54,44,71,49,57,58,55,50,96,73,98,96,46
CS,Corporate Law & Governance,72,94,91,55,54,44,84,44,64,60,72,52,98,83,55,44,56
M.Com,Advanced Commerce & Research,91,60,82,60,96,59,50,44,48,47,54,50,74,93,50,45,83
CS,Corporate Law & Governance,64,85,89,46,52,55,83,45,60,44,68,48,80,90,47,50,55
CA,Chartered Accountancy & Auditing,84,79,90,82,66,58,40,56,57,55,93,81,41,70,59,50,84
B.Com (Hons),Corporate & Accounting Studies,88,64,81,91,75,52,44,48,59,51,59,84,60,62,55,47,86
CFA,Investment & Financial Analysis,95,70,90,88,90,45,45,52,45,51,82,87,52,72,42,40,67
CA,Chartered Accountancy & Auditing,100,66,100,80,65,41,44,41,49,49,91,84,46,80,59,52,82
B.Com (General),Business & Finance,94,84,82,55,44,42,76,55,40,52,85,93,66,76,57,52,57
B.Com (General),Business & Finance,90,87,94,45,60,57,74,54,40,40,81,93,76,75,48,58,41
B.Com (Computer Applications),Business & IT,97,100,52,64,41,86,64,41,57,41,97,96,54,69,44,44,60
B.Com (International Business),International Trade,67,92,96,50,55,58,81,51,63,42,84,57,94,73,46,51,44
CFA,Investment & Financial Analysis,82,71,95,99,98,58,44,59,41,54,89,83,58,62,57,54,77
BBM,Business Leadership,62,80,97,41,45,53,70,57,57,50,41,43,97,77,98,92,44
B.Com (International Business),International Trade,61,93,97,48,50,41,83,41,73,54,91,58,98,62,58,44,55
B.Com (Banking & Insurance),Banking & Insurance Services,91,89,93,79,83,56,52,43,58,43,63,85,68,53,42,54,44
CA,Chartered Accountancy & Auditing,87,79,99,88,69,58,46,44,49,54,85,80,43,61,53,57,90
B.Com (Banking & Insurance),Banking & Insurance Services,85,89,88,78,88,46,47,55,49,47,68,92,76,43,58,56,43
BMS,Strategic Management,66,87,80,41,60,56,67,42,75,56,90,55,43,98,54,58,86
B.Com (Hons),Corporate & Accounting Studies,80,65,97,95,76,43,53,52,41,60,53,89,59,66,54,53,93
CFA,Investment & Financial Analysis,93,63,91,95,82,41,45,46,56,58,94,95,58,78,53,44,75
M.Com,Advanced Commerce & Research,85,74,80,71,96,55,60,48,60,50,43,41,68,87,55,46,96
BBA,Management & Administration,61,87,89,56,42,47,77,54,78,53,91,56,100,85,52,55,52
B.Com (Hons),Corporate & Accounting Studies,87,69,91,94,72,52,54,50,53,47,45,91,44,60,51,51,99
B.Com (Computer Applications),Business & IT,88,86,55,62,43,88,63,58,41,40,93,91,41,63,41,48,53
B.Com (International Business),International Trade,71,100,80,45,41,40,85,42,65,59,91,49,83,80,59,54,55
B.Com (Banking & Insurance),Banking & Insurance Services,84,91,92,72,98,58,47,43,52,46,62,88,62,54,47,47,60
BBA,Management & Administration,68,91,89,55,40,59,78,50,78,48,99,58,82,91,40,48,41
M.Com,Advanced Commerce & Research,92,78,100,71,95,56,54,50,43,45,56,51,69,90,51,59,100
B.Com (General),Business & Finance,81,93,91,58,55,45,73,50,42,46,96,87,70,70,60,56,55
B.Com (Hons),Corporate & Accounting Studies,82,69,85,92,75,40,48,42,46,50,55,86,54,71,46,54,97
BMS,Strategic Management,60,95,94,47,40,56,74,56,79,43,90,56,51,95,59,53,91
B.Com (International Business),International Trade,70,83,82,60,44,44,83,45,75,44,81,48,81,73,55,40,54
B.Com (International Business),International Trade,71,83,80,54,40,51,92,44,70,58,95,49,89,72,45,53,45
CS,Corporate Law & Governance,77,85,84,56,41,56,84,60,71,40,79,59,81,84,60,53,58
BBA,Management & Administration,65,91,93,55,58,58,63,45,71,49,80,47,93,96,41,46,59
B.Com (Taxation),Taxation & Audit,90,96,100,66,72,46,54,60,54,58,89,87,40,73,42,44,42
BBA,Management & Administration,66,95,82,58,55,56,74,58,61,53,99,54,94,84,52,52,47
BBA,Management & Administration,61,89,91,42,43,45,67,51,71,48,100,44,89,88,59,42,44
B.Com (Taxation),Taxation & Audit,94,97,98,62,68,44,57,47,42,48,99,80,43,66,45,42,53
B.Com (E-Commerce),Digital Business,85,86,73,68,50,87,70,46,57,55,94,93,41,52,49,41,60
B.Com (International Business),International Trade,78,86,99,42,55,42,83,44,70,44,91,47,87,61,56,50,41
CA,Chartered Accountancy & Auditing,84,76,88,90,71,49,59,44,48,40,86,93,50,65,49,58,94
CA,Chartered Accountancy & Auditing,95,60,87,88,78,50,55,46,42,49,83,93,49,71,53,45,86
BMS,Strategic Management,62,93,83,47,41,49,63,59,66,50,93,57,56,90,52,48,97
B.Com (Taxation),Taxation & Audit,95,85,87,70,78,41,43,51,42,46,92,81,56,78,42,60,58
CS,Corporate Law & Governance,72,86,98,47,49,58,81,46,60,50,64,50,87,98,53,55,58
B.Com (Computer Applications),Business & IT,91,80,51,75,57,97,66,49,40,40,91,93,40,68,59,42,54
B.Com (Computer Applications),Business & IT,89,97,47,79,42,88,78,60,41,54,87,83,55,63,59,46,47
BBM,Business Leadership,67,85,96,43,44,47,69,42,48,53,52,45,82,77,83,82,56
B.Com (Banking & Insurance),Banking & Insurance Services,80,84,86,73,98,55,45,59,47,42,61,92,60,43,60,57,53
B.Com (Banking & Insurance),Banking & Insurance Services,97,89,92,74,99,50,55,53,48,47,63,91,62,44,45,40,60
BMS,Strategic Management,78,97,95,59,46,50,75,48,80,48,96,43,57,80,45,40,85
CA,Chartered Accountancy & Auditing,92,63,80,100,66,60,41,45,45,50,89,96,50,74,56,53,82
CS,Corporate Law & Governance,77,81,92,40,46,41,93,57,70,59,63,52,86,96,42,57,47
B.Com (Taxation),Taxation & Audit,89,82,89,75,71,46,43,47,48,43,81,82,60,79,59,55,46
BBA,Management & Administration,75,87,95,54,51,58,60,56,69,56,89,52,94,84,46,42,55
B.Com (General),Business & Finance,89,80,85,41,57,40,61,42,57,52,95,95,79,62,41,57,42
CFA,Investment & Financial Analysis,82,70,88,80,95,47,42,59,58,55,88,97,58,72,55,45,79
CA,Chartered Accountancy & Auditing,81,78,89,81,61,41,41,54,47,50,98,85,56,66,54,40,82
BBM,Business Leadership,66,98,87,40,60,50,61,44,60,60,46,57,99,71,86,91,57
B.Com (Professional Accounting),Professional Accounting & Auditing,99,80,91,70,90,45,45,55,51,55,96,47,50,92,60,42,62
CA,Chartered Accountancy & Auditing,89,63,91,96,68,49,58,42,50,53,82,80,51,77,53,59,88
B.Com (Banking & Insurance),Banking & Insurance Services,92,82,82,66,96,60,52,53,42,53,70,98,76,41,40,57,41
M.Com,Advanced Commerce & Research,87,70,81,76,98,56,46,54,49,47,54,43,79,91,54,55,85
B.Com (Professional Accounting),Professional Accounting & Auditing,89,67,82,80,80,41,43,49,55,47,96,40,60,100,58,52,61
M.Com,Advanced Commerce & Research,94,78,96,68,82,60,54,47,56,60,47,50,67,95,44,53,99
B.Com (International Business),International Trade,79,87,83,57,54,49,99,40,74,59,80,58,87,66,50,46,49
B.Com (General),Business & Finance,85,100,100,44,40,42,61,53,57,44,89,92,77,63,53,53,56
BBA,Management & Administration,64,94,92,44,45,58,80,40,70,47,86,56,82,89,52,41,46
B.Com (Taxation),Taxation & Audit,93,86,82,67,60,40,44,50,43,44,93,90,48,80,45,58,46
CA,Chartered Accountancy & Auditing,98,68,95,94,68,45,59,54,60,46,85,92,54,62,56,60,92
B.Com (Hons),Corporate & Accounting Studies,80,77,98,85,76,55,53,45,52,48,40,82,60,73,43,42,81
B.Com (E-Commerce),Digital Business,83,98,65,79,43,95,62,56,46,53,86,87,46,58,53,48,45
BMS,Strategic Management,62,99,88,52,51,44,62,40,73,57,87,47,57,82,43,43,90
CA,Chartered Accountancy & Auditing,81,73,85,89,65,41,49,47,42,48,88,81,51,76,40,49,100
B.Com (Computer Applications),Business & IT,90,95,40,64,53,95,61,45,55,60,89,91,52,68,60,41,41
BMS,Strategic Management,77,85,80,50,50,56,63,51,78,42,96,59,47,95,50,54,97
B.Com (Banking & Insurance),Banking & Insurance Services,100,80,94,61,90,51,52,44,58,45,73,80,73,59,46,41,41
CS,Corporate Law & Governance,77,99,95,41,56,43,98,60,70,45,68,43,97,94,43,45,54
B.Com (Hons),Corporate & Accounting Studies,93,65,100,82,73,60,47,58,44,53,53,96,52,62,59,55,80
M.Com,Advanced Commerce & Research,98,65,87,70,85,46,54,58,41,40,44,56,62,84,55,43,81
B.Com (General),Business & Finance,85,80,81,40,55,51,61,41,49,49,81,90,75,70,58,54,56
B.Com (International Business),International Trade,80,89,100,41,54,46,85,42,74,59,86,47,91,65,43,51,53
CA,Chartered Accountancy & Auditing,91,68,98,82,75,48,41,46,58,47,94,97,55,72,45,59,94
B.Com (Professional Accounting),Professional Accounting & Auditing,85,74,100,65,93,57,53,57,42,40,95,44,51,95,49,51,62
B.Com (Banking & Insurance),Banking & Insurance Services,96,99,92,73,85,44,49,46,41,60,77,97,77,49,58,53,47
B.Com (E-Commerce),Digital Business,90,92,79,60,41,95,62,56,45,50,81,87,58,51,41,43,47
B.Com (Computer Applications),Business & IT,92,99,58,61,43,99,72,51,48,58,98,84,57,60,55,50,53
M.Com,Advanced Commerce & Research,96,68,85,73,83,51,57,57,59,58,57,60,76,93,42,60,87
BBA,Management & Administration,76,87,83,43,48,55,67,56,65,51,81,44,97,80,53,41,45
BBA,Management & Administration,80,98,82,42,47,44,74,54,79,51,89,50,83,92,58,56,43
BBM,Business Leadership,68,93,84,59,53,59,77,53,58,40,44,57,97,63,91,80,56
BBA,Management & Administration,64,94,92,40,45,42,66,40,75,58,93,46,100,94,56,57,46
CA,Chartered Accountancy & Auditing,98,73,80,86,63,42,56,47,41,56,95,97,43,72,42,53,98
BBM,Business Leadership,71,91,81,59,53,53,80,55,52,58,44,60,88,61,93,96,47
BBA,Management & Administration,60,97,85,58,58,47,70,59,80,53,94,60,86,85,58,58,49
BBM,Business Leadership,60,96,91,57,49,41,73,50,52,60,60,58,99,72,80,82,59
B.Com (General),Business & Finance,88,87,96,56,58,52,66,50,46,57,99,93,67,73,57,55,45
CFA,Investment & Financial Analysis,93,71,93,93,87,41,47,44,40,43,81,83,42,74,47,60,71
CS,Corporate Law & Governance,64,97,83,60,40,52,97,46,76,43,65,52,81,91,49,43,47
B.Com (International Business),International Trade,61,100,82,44,58,51,92,43,74,48,100,42,89,72,54,57,45
BMS,Strategic Management,67,80,82,46,43,48,67,49,76,50,95,54,41,88,40,44,97
BMS,Strategic Management,70,87,90,53,57,42,77,51,75,58,89,49,59,94,60,40,86
B.Com (Banking & Insurance),Banking & Insurance Services,90,84,86,67,82,53,44,59,59,44,60,81,74,60,53,45,45
B.Com (Hons),Corporate & Accounting Studies,85,74,84,80,74,46,46,42,41,46,44,81,48,78,42,49,90
BBA,Management & Administration,76,88,85,52,45,55,67,59,76,51,92,59,96,94,43,46,51
CFA,Investment & Financial Analysis,83,77,93,95,81,44,41,40,46,59,92,95,44,78,57,53,75
BBA,Management & Administration,61,91,91,49,48,46,60,42,64,46,86,50,97,94,48,46,46
CFA,Investment & Financial Analysis,89,66,88,82,94,55,43,45,50,50,99,99,47,79,60,52,78
B.Com (General),Business & Finance,81,84,88,56,47,41,66,51,49,44,99,86,79,60,51,47,41
BBA,Management & Administration,76,88,80,40,56,51,71,42,75,49,84,40,95,99,40,60,55
CFA,Investment & Financial Analysis,81,66,85,84,94,47,60,47,42,45,84,94,58,62,54,51,75
CA,Chartered Accountancy & Auditing,100,68,84,95,75,49,48,50,53,53,94,80,53,77,43,53,98
B.Com (Hons),Corporate & Accounting Studies,85,67,100,95,60,52,57,43,49,45,41,99,56,69,51,45,97
B.Com (E-Commerce),Digital Business,90,88,69,75,52,98,65,59,55,47,94,93,42,49,47,48,59
B.Com (General),Business & Finance,90,95,80,45,57,52,69,43,43,43,90,88,64,72,41,55,48
B.Com (International Business),International Trade,73,91,91,40,60,53,87,47,63,50,85,46,80,68,49,59,45
B.Com (Professional Accounting),Professional Accounting & Auditing,99,68,95,65,85,41,46,52,54,49,80,44,46,91,51,45,68
B.Com (Professional Accounting),Professional Accounting & Auditing,89,72,94,64,81,55,42,50,51,54,89,53,40,80,59,51,71
B.Com (General),Business & Finance,90,81,89,56,52,55,64,40,51,50,93,83,70,63,57,41,41
BMS,Strategic Management,67,99,99,45,52,60,69,55,70,54,98,56,41,91,54,46,97
BBA,Management & Administration,80,100,99,49,44,47,71,46,61,48,81,44,82,90,50,52,60
CFA,Investment & Financial Analysis,86,62,92,94,95,47,53,57,45,57,84,100,53,66,58,40,66
CA,Chartered Accountancy & Auditing,94,74,92,96,77,57,57,43,58,54,89,95,45,80,53,42,91
B.Com (Computer Applications),Business & IT,96,88,45,77,41,92,74,52,55,47,94,86,60,73,43,53,52
BBM,Business Leadership,67,92,93,60,57,43,74,41,48,47,51,54,92,74,91,94,50
BBM,Business Leadership,75,97,98,53,40,54,80,59,45,44,60,44,98,71,92,94,43
B.Com (International Business),International Trade,60,85,84,40,56,47,93,48,61,40,97,59,84,60,44,46,52
B.Com (Taxation),Taxation & Audit,99,99,92,60,74,58,47,45,40,55,88,92,52,78,58,44,40
M.Com,Advanced Commerce & Research,87,78,96,64,85,53,49,45,44,60,60,59,67,93,46,57,93
BMS,Strategic Management,69,96,96,40,46,51,65,57,68,46,86,60,58,96,55,47,96
CS,Corporate Law & Governance,63,86,80,52,60,55,92,58,65,46,67,46,88,92,57,41,45
CA,Chartered Accountancy & Auditing,86,64,97,84,69,56,54,53,40,47,83,82,49,62,54,60,84
M.Com,Advanced Commerce & Research,89,77,90,75,100,51,44,47,54,46,59,41,64,94,60,55,81
CFA,Investment & Financial Analysis,84,71,81,89,89,42,47,57,51,48,98,85,40,75,45,40,61
B.Com (Professional Accounting),Professional Accounting & Auditing,86,66,91,74,98,45,40,58,54,44,95,44,54,95,60,60,60
BBA,Management & Administration,70,98,92,54,54,50,63,46,73,50,80,56,86,98,45,52,53
B.Com (General),Business & Finance,86,98,93,49,40,53,60,55,44,58,96,92,72,70,54,53,49
B.Com (Taxation),Taxation & Audit,99,84,89,62,67,55,47,43,58,46,81,98,44,60,44,46,43
B.Com (Taxation),Taxation & Audit,94,94,99,61,68,57,52,51,42,45,92,97,46,73,54,58,53
B.Com (Hons),Corporate & Accounting Studies,82,63,88,100,73,43,53,45,48,44,59,93,46,76,50,48,80
B.Com (Taxation),Taxation & Audit,90,95,92,73,70,51,59,49,45,45,90,82,56,75,57,49,54
B.Com (Computer Applications),Business & IT,94,96,55,79,44,89,79,59,59,54,84,89,43,65,51,58,53
M.Com,Advanced Commerce & Research,98,63,90,79,83,53,51,40,53,56,43,50,70,95,46,50,95
M.Com,Advanced Commerce & Research,100,75,91,65,100,50,49,60,45,49,55,44,65,95,47,49,85
B.Com (Banking & Insurance),Banking & Insurance Services,100,82,94,67,99,57,59,59,56,49,61,96,72,50,55,49,60
BBM,Business Leadership,78,97,87,60,43,42,79,43,50,59,44,49,83,76,84,87,45
CFA,Investment & Financial Analysis,91,63,99,87,83,56,43,60,49,56,83,98,55,71,43,60,80
BBM,Business Leadership,80,87,82,60,52,58,80,46,45,40,52,42,97,74,83,92,48
B.Com (E-Commerce),Digital Business,86,81,79,70,59,83,69,51,40,52,98,94,57,41,52,43,41
BBA,Management & Administration,79,91,86,55,44,55,74,50,77,47,85,51,99,99,44,49,59
CS,Corporate Law & Governance,70,80,81,44,45,59,99,48,63,55,80,52,95,89,43,57,42
CFA,Investment & Financial Analysis,90,66,100,97,89,59,40,45,51,59,91,81,59,61,52,52,67
B.Com (Professional Accounting),Professional Accounting & Auditing,100,66,85,65,87,58,56,59,40,42,89,44,57,84,51,55,72
M.Com,Advanced Commerce & Research,90,73,88,67,89,42,40,54,55,45,59,57,65,95,43,40,88
BMS,Strategic Management,70,98,98,58,54,47,61,42,63,53,83,46,41,86,60,60,80
BBA,Management & Administration,75,89,95,40,43,59,77,50,79,41,100,56,92,89,41,41,60
BBM,Business Leadership,60,82,94,44,60,54,75,55,58,54,44,56,95,71,80,96,45
B.Com (Hons),Corporate & Accounting Studies,85,75,84,99,67,59,50,45,57,53,47,82,46,64,52,41,97
B.Com (International Business),International Trade,63,99,100,42,41,41,93,58,74,54,93,40,100,67,55,45,48
CFA,Investment & Financial Analysis,97,79,90,97,100,53,47,52,49,60,84,88,47,78,41,53,67
B.Com (Professional Accounting),Professional Accounting & Auditing,82,67,99,66,85,48,58,53,40,48,91,58,60,98,42,45,69
BBA,Management & Administration,74,97,85,52,43,53,65,45,79,49,91,46,90,80,42,50,51
B.Com (Professional Accounting),Professional Accounting & Auditing,89,60,82,60,80,55,52,42,49,59,98,55,46,88,43,42,68
BBM,Business Leadership,62,88,82,55,58,49,62,58,47,53,44,41,96,79,98,95,52
M.Com,Advanced Commerce & Research,93,65,87,64,90,57,54,41,57,56,52,45,79,99,51,60,89
B.Com (Computer Applications),Business & IT,83,89,53,80,47,94,78,57,50,42,83,85,47,77,53,44,56
B.Com (General),Business & Finance,80,84,95,51,58,58,68,54,50,49,83,80,74,67,49,59,41
M.Com,Advanced Commerce & Research,83,61,86,66,80,53,41,57,54,51,60,54,62,94,49,45,100
B.Com (Professional Accounting),Professional Accounting & Auditing,86,63,89,62,84,41,40,50,50,54,95,47,55,99,60,47,75
CS,Corporate Law & Governance,67,89,87,55,51,47,89,52,73,42,63,60,91,92,45,52,46
B.Com (Taxation),Taxation & Audit,97,92,100,76,65,57,44,58,47,54,93,89,41,75,46,53,50
CS,Corporate Law & Governance,77,98,80,57,50,47,84,60,74,44,75,45,100,95,40,45,47
B.Com (International Business),International Trade,63,95,80,44,40,44,89,44,68,54,100,44,98,70,45,42,48
BMS,Strategic Management,68,81,94,55,40,58,75,54,79,43,89,46,57,94,58,56,80
BBA,Management & Administration,65,90,83,50,46,49,79,55,76,48,86,47,96,99,56,49,50
B.Com (General),Business & Finance,91,82,80,54,59,54,60,59,46,58,100,87,73,65,57,40,53
B.Com (International Business),International Trade,61,91,94,58,44,41,100,59,60,43,82,52,81,70,59,58,60
CA,Chartered Accountancy & Auditing,94,60,97,92,75,60,59,56,41,57,91,86,42,62,53,47,98
M.Com,Advanced Commerce & Research,87,70,88,69,94,51,54,41,58,53,48,43,67,91,50,47,99
BMS,Strategic Management,64,100,88,53,47,45,74,58,79,44,80,50,43,99,53,49,82
B.Com (Professional Accounting),Professional Accounting & Auditing,100,72,87,78,90,44,41,54,47,55,88,46,50,96,48,57,62
B.Com (Hons),Corporate & Accounting Studies,89,74,94,93,75,48,48,49,60,48,58,91,51,69,46,54,90
B.Com (General),Business & Finance,82,97,81,60,43,50,76,42,60,59,90,83,76,67,46,55,59
BBM,Business Leadership,74,82,100,45,54,50,66,50,43,49,52,50,96,63,95,85,44
B.Com (Computer Applications),Business & IT,99,100,58,79,59,94,62,50,53,47,92,96,44,67,41,53,45
CS,Corporate Law & Governance,65,87,83,53,42,52,80,48,74,46,73,55,81,96,47,51,54
CA,Chartered Accountancy & Auditing,98,71,97,93,79,44,55,60,60,60,80,93,54,77,48,50,83
CA,Chartered Accountancy & Auditing,87,73,94,95,68,49,56,50,47,40,90,86,52,68,57,51,98
B.Com (Professional Accounting),Professional Accounting & Auditing,85,73,80,68,83,57,50,43,45,40,84,50,50,100,55,58,79
B.Com (International Business),International Trade,62,80,80,59,47,52,97,59,78,59,88,56,81,73,60,53,57
B.Com (Taxation),Taxation & Audit,84,83,87,80,77,60,47,40,44,45,99,82,47,78,43,48,57
BMS,Strategic Management,70,82,94,46,56,55,64,42,73,42,100,42,59,97,46,47,97
B.Com (Banking & Insurance),Banking & Insurance Services,93,84,90,62,98,47,45,57,49,46,75,87,77,49,50,50,60
B.Com (Computer Applications),Business & IT,91,84,51,73,52,86,69,53,51,52,95,95,46,60,56,55,59
B.Com (Hons),Corporate & Accounting Studies,90,68,100,87,72,41,41,47,58,54,47,81,45,63,41,45,82
CFA,Investment & Financial Analysis,88,72,100,93,90,41,40,47,55,53,89,99,55,69,60,49,65
B.Com (General),Business & Finance,88,94,91,48,57,59,61,50,47,59,94,87,68,78,50,57,59
B.Com (General),Business & Finance,94,88,90,40,58,51,64,46,59,58,98,93,77,63,60,51,52
M.Com,Advanced Commerce & Research,87,71,98,71,96,42,56,43,60,52,58,57,73,89,58,53,98
B.Com (Taxation),Taxation & Audit,94,88,99,77,66,41,54,52,50,42,91,87,44,76,42,49,47
B.Com (E-Commerce),Digital Business,94,92,76,70,47,97,68,41,60,44,82,94,45,55,52,48,41
B.Com (General),Business & Finance,88,99,100,47,59,56,74,44,50,44,94,100,73,76,45,51,58
M.Com,Advanced Commerce & Research,97,72,96,74,88,49,59,49,44,56,51,58,73,94,47,40,90
B.Com (Computer Applications),Business & IT,93,91,48,72,52,83,61,46,53,57,87,96,41,66,58,53,52
BBM,Business Leadership,60,89,85,46,53,40,67,51,50,49,53,53,87,69,100,91,40
B.Com (Hons),Corporate & Accounting Studies,80,78,82,95,66,54,54,60,60,51,41,81,58,67,48,57,89
B.Com (Taxation),Taxation & Audit,92,96,87,66,78,42,43,44,49,52,100,92,50,79,51,60,57
B.Com (Computer Applications),Business & IT,97,97,60,71,59,86,72,41,59,40,97,88,50,60,40,46,41
B.Com (General),Business & Finance,85,87,91,44,55,48,65,54,47,54,93,97,71,61,48,44,44
B.Com (Computer Applications),Business & IT,81,87,58,65,47,92,79,44,43,56,81,82,46,70,59,58,58
BMS,Strategic Management,73,88,92,46,56,44,62,41,66,52,97,42,51,90,60,50,83
B.Com (Computer Applications),Business & IT,81,90,42,74,42,91,63,41,47,52,96,82,48,72,58,56,48
B.Com (Professional Accounting),Professional Accounting & Auditing,80,69,88,70,88,51,53,54,52,58,82,52,44,93,50,59,75
B.Com (E-Commerce),Digital Business,85,82,73,76,50,90,61,57,51,55,83,97,60,44,44,47,47
B.Com (Taxation),Taxation & Audit,91,89,96,74,75,49,51,56,59,56,88,83,49,70,52,52,52
M.Com,Advanced Commerce & Research,99,62,83,71,92,51,52,41,44,46,57,58,74,82,57,43,86
B.Com (International Business),International Trade,79,82,83,55,59,60,89,56,63,47,88,59,92,69,47,54,49
BMS,Strategic Management,65,83,93,58,60,52,75,50,75,52,93,52,48,89,59,53,98
B.Com (Taxation),Taxation & Audit,90,96,100,79,66,43,52,50,44,45,94,96,55,80,59,53,59
B.Com (General),Business & Finance,87,96,80,40,57,43,67,58,59,40,100,90,78,67,43,59,55
B.Com (International Business),International Trade,79,88,84,58,47,55,98,41,72,43,88,43,100,63,41,57,55
BBM,Business Leadership,68,98,89,60,45,59,80,46,58,59,40,43,98,77,86,100,42
BBA,Management & Administration,67,99,82,58,51,54,79,46,72,59,99,59,85,81,55,58,40
B.Com (Taxation),Taxation & Audit,85,93,87,63,75,60,50,51,54,43,94,90,42,72,59,55,53
B.Com (Professional Accounting),Professional Accounting & Auditing,92,78,84,65,86,50,47,53,49,59,95,45,55,84,40,56,67
B.Com (E-Commerce),Digital Business,95,86,76,78,55,84,78,48,60,43,84,88,54,51,47,60,46
CS,Corporate Law & Governance,80,83,81,44,46,53,97,59,76,59,78,52,97,86,47,47,55
B.Com (General),Business & Finance,96,98,93,55,41,52,68,60,48,42,81,96,71,65,55,57,55
B.Com (Taxation),Taxation & Audit,93,99,94,64,71,57,59,47,55,40,88,92,52,61,44,50,48
M.Com,Advanced Commerce & Research,92,72,80,65,90,50,55,57,47,54,50,42,72,95,54,51,87
B.Com (E-Commerce),Digital Business,89,96,70,76,49,100,68,44,54,44,90,92,51,44,51,40,49
B.Com (International Business),International Trade,70,93,88,58,57,60,84,60,71,55,89,52,95,68,45,40,41
BMS,Strategic Management,71,99,97,44,60,42,65,40,64,42,90,56,43,83,47,60,99
CFA,Investment & Financial Analysis,81,60,99,81,95,56,59,55,55,46,96,95,50,62,55,43,66
CFA,Investment & Financial Analysis,95,73,81,81,93,58,52,54,58,58,85,100,47,68,55,59,71
B.Com (International Business),International Trade,64,91,100,42,59,42,81,59,68,53,80,49,95,70,53,52,58
B.Com (Professional Accounting),Professional Accounting & Auditing,88,61,80,68,88,45,53,47,46,55,88,47,49,89,59,43,67
B.Com (Hons),Corporate & Accounting Studies,87,73,100,84,75,41,53,55,48,55,50,90,58,62,45,41,83
B.Com (Taxation),Taxation & Audit,97,88,93,67,72,41,51,48,57,44,92,84,42,70,42,52,50
BBA,Management & Administration,67,89,89,48,41,50,68,57,75,57,83,59,81,95,53,51,41
B.Com (Banking & Insurance),Banking & Insurance Services,87,100,82,72,90,59,43,49,59,60,60,93,61,50,59,47,58
M.Com,Advanced Commerce & Research,81,77,80,77,99,40,49,48,58,49,43,60,66,81,52,60,86
B.Com (General),Business & Finance,84,95,86,41,56,45,63,47,46,57,87,89,61,66,43,51,48
CS,Corporate Law & Governance,64,82,97,42,44,57,94,43,67,58,80,46,90,92,54,51,60
M.Com,Advanced Commerce & Research,94,63,93,66,91,60,54,56,41,47,51,52,75,98,57,44,83
CFA,Investment & Financial Analysis,97,70,99,96,91,46,50,60,43,51,97,92,51,79,48,53,68
B.Com (Professional Accounting),Professional Accounting & Auditing,100,68,96,63,88,53,49,54,59,41,97,54,44,87,53,60,75
B.Com (Computer Applications),Business & IT,90,82,60,71,60,97,64,48,53,44,90,82,45,80,55,59,55
B.Com (Computer Applications),Business & IT,85,87,55,75,42,99,74,45,55,54,83,89,43,62,50,57,47
B.Com (Hons),Corporate & Accounting Studies,84,76,86,82,63,43,48,51,46,54,49,89,59,76,46,53,84
B.Com (General),Business & Finance,82,86,90,40,59,56,60,55,55,42,87,84,66,77,58,59,49
B.Com (Taxation),Taxation & Audit,89,90,84,72,79,41,42,54,51,58,82,80,42,65,60,60,52
CA,Chartered Accountancy & Auditing,100,77,100,80,64,47,57,44,53,58,84,94,54,77,57,40,93
B.Com (Taxation),Taxation & Audit,92,90,84,62,64,60,57,55,52,46,86,82,48,62,50,52,46
B.Com (Banking & Insurance),Banking & Insurance Services,84,96,83,69,99,55,51,48,45,43,62,82,62,51,52,59,47
B.Com (E-Commerce),Digital Business,87,86,60,78,41,89,74,60,57,46,82,98,51,42,53,50,55
B.Com (General),Business & Finance,98,89,91,48,54,52,61,46,50,47,80,96,71,79,52,46,58
CS,Corporate Law & Governance,78,85,86,56,44,44,87,45,78,55,67,54,94,88,40,43,41
BMS,Strategic Management,72,85,97,59,40,50,78,58,79,45,90,59,55,91,40,54,84
BBM,Business Leadership,60,82,99,45,55,50,73,47,45,56,60,51,94,76,83,95,43
CS,Corporate Law & Governance,70,85,93,42,49,58,97,46,64,44,68,58,84,81,54,54,54
B.Com (Computer Applications),Business & IT,82,97,58,73,59,88,64,47,42,45,93,82,44,65,55,59,50
B.Com (General),Business & Finance,90,86,91,53,46,52,72,49,57,55,89,90,70,77,41,47,56
B.Com (Taxation),Taxation & Audit,99,80,95,62,61,44,57,56,54,43,94,82,56,74,40,45,40
BBM,Business Leadership,66,87,81,46,49,46,74,41,40,55,59,55,86,72,93,80,47
BBM,Business Leadership,63,93,90,47,40,54,80,48,54,50,48,52,93,63,95,96,48
BMS,Strategic Management,63,94,96,57,42,49,63,60,70,47,100,59,49,80,41,56,80
B.Com (International Business),International Trade,70,98,100,52,55,55,87,51,66,50,97,55,80,77,46,40,55
BMS,Strategic Management,71,82,90,41,44,44,80,56,68,48,80,46,57,97,41,56,88
B.Com (Professional Accounting),Professional Accounting & Auditing,83,78,94,73,93,58,59,45,53,48,80,58,46,91,45,44,80
B.Com (Taxation),Taxation & Audit,99,82,89,60,69,57,60,51,46,57,100,99,50,72,52,48,54
B.Com (International Business),International Trade,75,93,95,47,56,47,91,47,74,53,80,58,94,62,57,45,43
B.Com (E-Commerce),Digital Business,80,95,65,71,43,84,74,46,52,45,89,88,40,47,43,49,51
B.Com (Professional Accounting),Professional Accounting & Auditing,91,80,98,60,97,60,49,44,52,51,98,58,52,83,44,51,71
B.Com (Computer Applications),Business & IT,93,85,40,80,40,81,72,43,59,58,84,97,43,73,49,44,58
M.Com,Advanced Commerce & Research,96,79,89,76,86,55,58,54,52,59,46,40,74,85,52,59,88
B.Com (Taxation),Taxation & Audit,99,84,87,62,74,60,45,43,44,51,85,89,44,65,46,49,51
CA,Chartered Accountancy & Auditing,80,76,85,83,63,48,53,41,41,43,89,88,56,67,56,57,82
B.Com (Banking & Insurance),Banking & Insurance Services,84,99,80,76,98,42,60,45,56,60,80,90,66,60,56,52,47
B.Com (General),Business & Finance,85,91,86,55,57,53,66,59,40,60,99,84,61,66,42,59,50
M.Com,Advanced Commerce & Research,96,70,88,73,97,50,56,40,50,50,46,40,80,83,53,53,93
CS,Corporate Law & Governance,68,85,87,50,53,50,98,52,75,43,65,40,80,83,54,57,53
B.Com (Taxation),Taxation & Audit,85,81,95,74,71,54,45,44,52,57,95,92,42,61,56,57,54
B.Com (Banking & Insurance),Banking & Insurance Services,95,100,81,66,87,52,40,46,49,58,66,92,67,50,55,58,53
B.Com (Banking & Insurance),Banking & Insurance Services,99,88,93,69,87,53,47,45,46,53,62,88,76,56,47,48,43
CFA,Investment & Financial Analysis,84,79,86,80,87,44,41,49,53,44,95,87,55,76,55,41,80
CS,Corporate Law & Governance,73,90,83,42,49,57,88,45,71,50,67,48,89,86,45,52,49
B.Com (Taxation),Taxation & Audit,93,96,80,77,64,47,52,48,53,59,96,89,46,75,48,60,41
B.Com (Hons),Corporate & Accounting Studies,92,76,89,86,66,50,48,56,44,45,50,89,56,71,44,53,94
BBA,Management & Administration,60,84,89,57,47,55,71,54,63,57,87,60,94,95,50,44,57
B.Com (International Business),International Trade,68,88,96,53,51,56,94,58,76,47,91,55,100,65,50,47,58
B.Com (Computer Applications),Business & IT,95,84,60,77,45,95,69,52,47,52,92,94,42,66,42,57,45
CA,Chartered Accountancy & Auditing,96,74,94,90,65,43,56,42,40,55,96,81,45,65,58,47,82
BMS,Strategic Management,78,100,83,59,59,51,64,44,78,47,100,52,60,100,42,46,91
BMS,Strategic Management,67,100,100,57,53,54,72,53,67,54,96,44,45,100,57,42,99
B.Com (General),Business & Finance,91,91,82,49,42,57,74,59,55,57,90,81,73,74,58,50,51
B.Com (Taxation),Taxation & Audit,90,88,98,76,75,56,44,57,49,47,91,97,49,71,42,59,59
BBA,Management & Administration,79,100,92,48,51,43,70,45,61,43,83,52,86,83,60,48,53
B.Com (Professional Accounting),Professional Accounting & Auditing,98,75,81,75,88,54,60,51,46,53,97,48,55,99,59,44,66
B.Com (Hons),Corporate & Accounting Studies,94,80,86,89,70,55,42,54,58,49,57,82,42,79,60,59,83
CFA,Investment & Financial Analysis,87,74,90,92,82,47,41,46,46,56,100,84,56,66,48,40,79
BBA,Management & Administration,80,86,96,40,60,50,74,48,62,55,90,56,85,96,53,54,46
B.Com (International Business),International Trade,64,93,86,42,47,45,95,45,61,60,82,54,83,72,55,53,59
CS,Corporate Law & Governance,60,90,97,50,40,60,98,53,67,52,60,56,96,83,45,50,42
BBA,Management & Administration,77,84,81,44,40,59,61,43,70,51,86,56,81,85,48,47,54
B.Com (Banking & Insurance),Banking & Insurance Services,96,81,80,79,97,56,55,46,42,41,71,83,67,41,43,43,56
CA,Chartered Accountancy & Auditing,97,60,96,85,73,47,60,55,45,46,86,88,56,64,58,40,99
CS,Corporate Law & Governance,61,83,87,42,58,54,87,49,80,43,64,40,90,81,57,53,52
BBM,Business Leadership,65,89,94,58,52,41,67,41,49,51,59,50,81,70,97,88,40
B.Com (Banking & Insurance),Banking & Insurance Services,86,81,100,65,83,45,45,43,54,49,65,86,79,47,50,59,56
B.Com (Banking & Insurance),Banking & Insurance Services,98,80,84,62,82,50,57,57,57,43,64,80,66,57,43,50,57
CS,Corporate Law & Governance,67,87,82,45,42,52,92,40,62,42,64,47,83,81,42,52,41
B.Com (Professional Accounting),Professional Accounting & Auditing,84,63,94,75,100,46,60,42,59,55,85,48,45,85,58,40,73
B.Com (Taxation),Taxation & Audit,89,94,86,68,70,52,46,57,52,42,91,85,52,74,48,56,59
BBA,Management & Administration,67,80,97,52,58,47,65,44,76,46,81,49,96,98,43,42,57
BBA,Management & Administration,67,87,90,55,55,58,62,41,67,41,81,54,85,90,58,42,44
B.Com (Hons),Corporate & Accounting Studies,96,73,90,84,64,50,48,60,46,60,50,91,40,65,46,55,82
CFA,Investment & Financial Analysis,89,67,96,94,81,41,48,53,50,42,83,83,46,65,60,41,76
B.Com (Banking & Insurance),Banking & Insurance Services,82,94,81,61,93,55,40,56,52,55,79,81,69,43,45,57,42
CA,Chartered Accountancy & Auditing,89,60,97,93,76,50,55,40,43,50,87,93,41,75,45,57,90
BBA,Management & Administration,73,99,91,49,51,55,70,47,69,50,82,55,95,85,41,47,46
BMS,Strategic Management,69,91,100,56,52,58,64,47,71,47,86,51,60,88,48,58,85
M.Com,Advanced Commerce & Research,89,64,93,78,94,53,41,60,46,59,49,46,71,90,49,57,89
B.Com (Professional Accounting),Professional Accounting & Auditing,82,63,97,63,82,55,49,53,47,47,93,48,45,81,43,42,66
B.Com (General),Business & Finance,92,83,80,54,47,58,75,53,46,41,87,91,70,69,60,58,52
BBM,Business Leadership,68,92,97,60,42,40,68,46,48,59,47,44,86,69,91,82,58
B.Com (Hons),Corporate & Accounting Studies,85,75,84,94,62,48,45,44,57,51,44,91,45,69,48,51,99
CS,Corporate Law & Governance,76,88,93,40,51,56,89,53,71,50,77,40,91,86,47,53,42
B.Com (International Business),International Trade,66,93,80,50,53,44,97,45,63,46,93,54,94,62,56,59,51
B.Com (Taxation),Taxation & Audit,84,94,98,60,72,49,49,41,54,58,91,94,60,70,56,58,56
B.Com (International Business),International Trade,76,80,80,46,58,58,86,46,74,40,89,45,92,60,41,46,60
B.Com (Computer Applications),Business & IT,94,90,42,64,52,93,71,46,46,43,86,91,58,64,51,41,59
BMS,Strategic Management,75,90,90,51,41,52,66,56,66,55,96,55,45,86,49,48,92
BBA,Management & Administration,72,100,99,54,42,44,70,47,64,51,97,52,82,85,43,57,55
CS,Corporate Law & Governance,65,92,82,40,41,52,92,42,78,59,61,47,97,80,60,50,55
M.Com,Advanced Commerce & Research,86,75,87,77,92,60,54,56,54,45,49,43,79,93,55,57,80
M.Com,Advanced Commerce & Research,100,72,89,61,95,48,44,60,50,49,40,60,71,80,60,56,89
CFA,Investment & Financial Analysis,89,75,85,94,83,51,53,45,59,60,85,81,50,61,53,41,69
B.Com (Taxation),Taxation & Audit,86,91,98,79,64,56,57,59,40,59,83,94,56,78,60,53,43
B.Com (E-Commerce),Digital Business,92,93,76,77,58,90,74,58,51,51,92,85,41,54,45,41,58
CA,Chartered Accountancy & Auditing,80,69,80,89,66,56,46,58,47,47,100,86,51,70,57,55,99
B.Com (International Business),International Trade,79,85,95,57,41,58,81,57,79,55,86,46,99,78,40,41,56
BBM,Business Leadership,60,93,87,40,49,46,65,58,51,47,51,47,90,60,85,96,54
CA,Chartered Accountancy & Auditing,85,77,95,99,60,55,50,56,42,46,99,99,59,76,54,47,88
CS,Corporate Law & Governance,75,80,94,57,59,58,100,52,80,51,70,54,94,86,41,58,40
B.Com (Computer Applications),Business & IT,100,87,47,71,53,100,74,46,46,46,96,89,52,79,51,55,49
B.Com (Computer Applications),Business & IT,84,98,44,75,60,91,69,55,60,43,87,91,44,61,42,52,57
B.Com (General),Business & Finance,92,94,97,48,42,41,61,52,52,42,84,96,80,67,45,44,40
BMS,Strategic Management,68,99,90,44,41,52,77,50,62,51,96,42,55,80,53,58,84
BBA,Management & Administration,60,81,94,52,47,54,63,50,75,54,92,41,90,94,41,42,58
B.Com (General),Business & Finance,98,98,89,48,47,56,61,54,50,52,85,98,72,63,41,48,50
BBA,Management & Administration,77,100,82,45,44,60,68,59,70,41,85,43,92,97,50,56,57
BBM,Business Leadership,65,100,89,49,58,48,77,42,45,58,43,50,88,73,95,96,50
B.Com (Professional Accounting),Professional Accounting & Auditing,96,78,90,79,83,58,41,43,57,59,93,59,55,87,42,45,62
B.Com (E-Commerce),Digital Business,82,95,77,75,50,83,77,46,43,58,80,100,52,49,44,42,42
B.Com (Computer Applications),Business & IT,87,90,44,76,43,83,72,55,45,49,84,96,48,79,48,53,40
B.Com (Computer Applications),Business & IT,92,96,54,70,47,89,76,60,57,50,92,99,46,69,50,53,56
BMS,Strategic Management,80,100,85,52,46,47,72,40,63,59,100,53,60,88,58,46,83
BMS,Strategic Management,73,93,93,50,58,51,69,60,62,43,80,41,57,96,45,47,91
CS,Corporate Law & Governance,77,98,97,41,50,42,99,55,67,54,60,40,100,80,40,48,50
BBA,Management & Administration,61,93,90,48,45,60,73,40,66,55,89,60,93,98,47,47,54
CS,Corporate Law & Governance,71,87,82,42,60,56,85,53,64,54,73,48,98,80,46,47,58
B.Com (Computer Applications),Business & IT,81,82,49,68,54,91,68,59,52,56,93,94,56,65,52,41,52
B.Com (Taxation),Taxation & Audit,84,98,91,62,61,43,40,43,51,58,91,98,60,78,59,47,54
B.Com (Computer Applications),Business & IT,92,86,47,79,49,93,70,57,42,47,86,94,41,68,44,45,48
BBM,Business Leadership,73,81,86,46,42,53,72,56,40,48,46,58,88,72,80,86,41
CS,Corporate Law & Governance,62,89,93,59,49,51,84,59,73,55,70,60,98,81,42,43,54
B.Com (Professional Accounting),Professional Accounting & Auditing,92,73,96,66,81,42,43,56,57,45,80,45,43,81,55,44,63
B.Com (Taxation),Taxation & Audit,87,80,80,75,64,46,53,40,59,51,92,88,55,67,52,51,42
B.Com (Hons),Corporate & Accounting Studies,94,68,89,99,61,47,51,43,56,43,59,84,45,67,40,49,87
CA,Chartered Accountancy & Auditing,82,79,86,93,73,56,59,49,48,52,86,99,52,79,55,57,90
B.Com (General),Business & Finance,82,98,92,43,58,45,77,57,57,47,96,94,77,70,46,42,55
B.Com (E-Commerce),Digital Business,88,92,69,67,44,88,60,44,59,54,80,91,56,58,40,44,55
B.Com (International Business),International Trade,77,83,80,57,59,53,94,40,64,47,95,47,81,67,40,55,52
B.Com (Professional Accounting),Professional Accounting & Auditing,90,64,87,60,86,50,49,41,47,49,81,59,41,94,49,46,60
M.Com,Advanced Commerce & Research,99,60,98,61,85,52,58,48,52,45,51,59,61,88,45,56,99
M.Com,Advanced Commerce & Research,96,70,96,60,90,48,60,51,40,58,45,59,71,85,41,52,100
B.Com (Taxation),Taxation & Audit,89,95,82,62,74,48,57,55,42,46,85,86,48,65,54,58,46
M.Com,Advanced Commerce & Research,92,62,93,64,84,60,53,49,40,40,53,56,61,100,57,40,95
BBM,Business Leadership,70,91,90,40,43,41,63,50,44,55,44,45,94,80,98,98,59
B.Com (General),Business & Finance,98,98,93,50,57,60,73,44,40,54,96,86,75,71,40,42,56
BBM,Business Leadership,71,80,84,58,50,42,63,48,44,48,41,57,82,63,92,90,59
B.Com (Banking & Insurance),Banking & Insurance Services,83,87,95,70,98,41,44,41,40,48,63,83,62,58,59,45,53
B.Com (International Business),International Trade,60,97,84,51,55,48,90,54,64,47,95,52,84,66,46,55,40
CFA,Investment & Financial Analysis,95,74,100,82,91,49,44,53,50,43,84,97,49,62,53,53,79
B.Com (E-Commerce),Digital Business,93,90,77,75,48,91,65,45,44,49,91,87,44,43,41,48,46
BBA,Management & Administration,67,88,94,46,46,46,78,58,63,47,91,40,80,99,49,47,44
B.Com (Taxation),Taxation & Audit,92,82,82,60,65,42,50,55,50,59,80,82,40,61,42,48,60
M.Com,Advanced Commerce & Research,97,66,95,80,93,58,58,55,42,54,42,55,74,90,60,41,85
CFA,Investment & Financial Analysis,96,71,94,98,82,53,43,40,49,45,96,84,43,62,53,57,61
BMS,Strategic Management,71,80,92,40,43,41,74,52,69,42,89,55,53,91,49,45,91
B.Com (E-Commerce),Digital Business,90,84,68,66,51,88,72,58,55,49,93,94,54,46,41,42,56
B.Com (Professional Accounting),Professional Accounting & Auditing,90,78,97,60,80,48,54,59,44,51,98,42,58,98,54,59,65
B.Com (E-Commerce),Digital Business,99,89,71,72,49,81,74,51,46,50,96,96,56,49,53,59,55
B.Com (Taxation),Taxation & Audit,80,86,100,71,80,46,49,49,50,54,89,84,60,73,45,58,49
B.Com (General),Business & Finance,84,99,97,41,51,45,61,56,51,43,85,90,80,71,55,56,56
CA,Chartered Accountancy & Auditing,99,72,88,82,60,55,41,53,57,48,92,93,40,75,57,57,95
BBM,Business Leadership,61,95,100,54,51,48,66,47,48,45,43,45,84,60,83,85,59
B.Com (Taxation),Taxation & Audit,84,87,96,74,71,46,42,49,57,50,98,84,53,62,47,45,50
M.Com,Advanced Commerce & Research,80,71,93,72,89,50,58,43,46,48,46,46,65,97,53,51,97
BBM,Business Leadership,74,80,87,57,59,52,64,46,47,53,40,56,84,68,87,81,53
BBA,Management & Administration,62,94,98,49,44,56,72,54,74,40,97,56,88,80,40,57,40
B.Com (E-Commerce),Digital Business,99,90,60,77,56,97,77,48,54,41,91,83,60,40,40,46,53
CFA,Investment & Financial Analysis,85,63,85,96,88,44,53,57,40,59,81,91,50,71,53,59,78
BBM,Business Leadership,64,85,96,55,56,54,71,45,47,53,46,60,85,66,98,83,50
CS,Corporate Law & Governance,65,97,86,49,56,52,98,44,62,49,75,46,90,94,55,48,48
BBA,Management & Administration,60,100,91,49,56,50,69,48,78,59,90,49,80,83,44,44,44
B.Com (Professional Accounting),Professional Accounting & Auditing,92,80,89,66,84,45,42,60,57,42,99,47,50,84,54,55,70
B.Com (E-Commerce),Digital Business,94,95,79,60,56,84,63,41,49,46,82,92,55,41,58,60,43
B.Com (Computer Applications),Business & IT,95,95,40,75,60,96,74,59,55,46,88,80,58,78,59,50,47
B.Com (Hons),Corporate & Accounting Studies,92,61,100,89,60,58,52,57,41,51,49,100,58,76,43,40,92
B.Com (International Business),International Trade,70,81,97,55,42,57,99,40,64,53,87,41,83,67,51,57,41
CA,Chartered Accountancy & Auditing,95,72,92,98,60,43,45,42,41,50,82,93,56,70,52,43,99
B.Com (Hons),Corporate & Accounting Studies,85,65,97,98,71,53,49,50,49,60,56,84,51,70,58,53,87
BMS,Strategic Management,71,91,98,44,52,41,73,53,79,41,94,49,45,99,55,50,88
M.Com,Advanced Commerce & Research,89,78,93,69,95,47,59,55,42,54,41,60,65,99,59,54,94
BBM,Business Leadership,63,83,80,58,47,46,60,57,60,55,56,57,98,80,97,88,42
B.Com (E-Commerce),Digital Business,91,93,60,62,53,88,61,48,41,51,99,95,59,59,49,53,47
B.Com (Banking & Insurance),Banking & Insurance Services,91,90,87,80,85,46,55,60,53,45,61,92,60,51,46,59,50
CA,Chartered Accountancy & Auditing,100,64,84,89,72,58,57,49,42,46,93,87,45,70,59,55,98
B.Com (Hons),Corporate & Accounting Studies,91,73,87,93,75,52,46,49,46,45,59,87,45,64,43,52,80
CA,Chartered Accountancy & Auditing,83,76,93,91,68,42,58,50,53,49,97,80,49,77,55,51,100
B.Com (General),Business & Finance,89,97,100,44,56,43,70,60,52,56,81,95,69,64,50,58,49
BMS,Strategic Management,62,86,89,49,44,52,79,60,63,54,93,53,53,98,52,51,85
B.Com (Taxation),Taxation & Audit,85,100,95,63,70,47,44,43,44,52,82,91,58,73,42,60,56
BBA,Management & Administration,61,96,92,47,51,52,60,55,60,48,94,57,92,81,40,59,46
B.Com (Banking & Insurance),Banking & Insurance Services,93,84,93,80,93,56,49,53,56,44,72,96,78,55,55,40,54
B.Com (E-Commerce),Digital Business,89,99,66,61,54,93,63,40,41,60,98,98,57,51,53,58,56
B.Com (E-Commerce),Digital Business,99,98,67,69,57,93,61,40,42,40,91,100,53,52,54,41,55
CA,Chartered Accountancy & Auditing,86,78,97,94,75,53,52,49,45,57,95,92,40,66,53,43,91
BMS,Strategic Management,63,81,100,51,58,48,65,42,75,45,90,58,49,80,50,53,95
B.Com (Professional Accounting),Professional Accounting & Auditing,90,61,91,65,86,42,46,47,52,54,92,58,59,86,46,52,73
CS,Corporate Law & Governance,63,92,97,58,50,54,95,52,67,59,76,44,91,90,43,53,45
M.Com,Advanced Commerce & Research,95,62,84,69,91,51,51,49,45,46,57,41,62,82,56,60,89
B.Com (Taxation),Taxation & Audit,93,92,80,68,73,44,53,58,51,58,83,95,60,76,59,59,41
B.Com (Computer Applications),Business & IT,89,87,53,61,47,82,73,57,60,51,85,80,60,70,53,49,40
CA,Chartered Accountancy & Auditing,92,68,85,81,79,41,54,43,44,59,98,94,49,66,48,43,87
BBA,Management & Administration,60,82,91,40,53,52,66,53,60,46,100,43,91,82,49,54,52
M.Com,Advanced Commerce & Research,86,72,95,62,99,51,50,58,40,48,43,50,73,80,49,41,84
B.Com (E-Commerce),Digital Business,92,84,77,61,55,96,66,60,44,46,92,84,40,58,42,59,44
B.Com (International Business),International Trade,75,99,84,50,57,49,84,46,69,56,100,60,88,70,49,52,58
CA,Chartered Accountancy & Auditing,94,68,92,92,61,55,40,59,42,46,95,94,43,72,59,47,83
B.Com (Banking & Insurance),Banking & Insurance Services,100,92,91,67,80,40,45,50,60,44,60,81,63,48,42,53,56
B.Com (General),Business & Finance,84,93,87,52,52,59,78,53,54,46,84,84,61,67,43,56,54
CS,Corporate Law & Governance,65,98,87,43,55,58,95,51,74,47,77,59,94,84,48,50,43
M.Com,Advanced Commerce & Research,89,79,100,69,86,44,50,60,53,55,58,57,77,97,49,54,86
B.Com (Computer Applications),Business & IT,85,85,44,60,57,97,80,42,53,54,80,84,48,71,60,59,48
BBM,Business Leadership,63,99,88,45,51,49,64,46,44,58,58,52,97,73,93,88,50
B.Com (E-Commerce),Digital Business,84,80,60,73,42,86,77,40,42,60,97,92,41,43,54,44,42
M.Com,Advanced Commerce & Research,89,77,100,75,88,48,45,43,52,43,42,46,79,83,51,47,83
BBA,Management & Administration,75,81,90,41,48,58,74,44,79,42,83,60,84,92,45,51,58
B.Com (Professional Accounting),Professional Accounting & Auditing,90,76,92,61,81,55,40,56,45,46,85,40,54,81,55,50,79
B.Com (International Business),International Trade,69,92,99,48,45,44,87,46,80,58,88,55,83,71,49,42,45
BBM,Business Leadership,67,95,95,51,40,45,80,45,40,49,42,49,81,71,97,87,48
B.Com (E-Commerce),Digital Business,92,95,72,77,53,86,62,47,47,60,97,93,42,44,50,45,48
BBA,Management & Administration,76,96,81,58,41,48,71,45,62,46,81,40,88,92,56,57,46
CFA,Investment & Financial Analysis,86,69,83,80,87,43,56,45,48,48,80,89,53,68,57,41,75
BBM,Business Leadership,76,82,100,60,57,52,70,57,46,54,50,59,89,72,96,94,49
B.Com (International Business),International Trade,76,98,81,49,44,60,100,43,62,50,92,56,99,76,42,55,52
B.Com (Hons),Corporate & Accounting Studies,80,66,86,85,70,60,49,51,44,44,46,98,46,71,60,55,85
CS,Corporate Law & Governance,72,99,80,56,47,42,91,47,60,52,63,53,81,96,47,41,52
B.Com (General),Business & Finance,91,94,80,43,58,45,75,45,49,41,81,99,65,70,47,41,55
CA,Chartered Accountancy & Auditing,81,60,87,90,75,56,49,42,60,48,92,95,47,62,60,43,86
BBM,Business Leadership,74,95,94,56,52,41,78,45,57,43,60,44,100,69,94,80,56
CFA,Investment & Financial Analysis,84,65,84,83,97,44,50,47,57,49,83,91,57,63,58,58,60
B.Com (Taxation),Taxation & Audit,95,100,80,77,71,45,52,47,48,41,99,90,55,64,48,49,43
CFA,Investment & Financial Analysis,85,69,88,88,92,60,59,42,51,49,99,92,49,72,42,59,79
B.Com (Computer Applications),Business & IT,91,80,57,79,49,90,78,53,45,47,80,92,41,67,40,57,56
B.Com (Taxation),Taxation & Audit,84,80,90,65,60,48,42,58,55,57,93,99,50,64,45,59,52
CS,Corporate Law & Governance,78,90,96,54,57,43,96,41,78,44,78,43,91,91,46,40,46
BBM,Business Leadership,64,91,82,50,48,50,77,43,60,57,49,52,96,80,95,92,53
B.Com (Taxation),Taxation & Audit,83,98,90,66,66,58,48,48,49,43,97,91,59,71,56,58,60
BMS,Strategic Management,71,85,97,59,40,47,68,58,79,55,95,52,45,88,47,46,99
CFA,Investment & Financial Analysis,93,71,80,87,95,47,42,59,45,51,85,85,56,76,55,59,79
CFA,Investment & Financial Analysis,99,74,83,88,82,47,47,47,43,43,91,96,48,60,46,42,66
B.Com (Taxation),Taxation & Audit,87,96,98,76,62,40,43,46,51,40,84,96,45,71,60,46,44
BMS,Strategic Management,65,98,92,40,51,44,73,51,61,52,88,55,44,100,40,55,92
B.Com (Taxation),Taxation & Audit,98,100,98,61,68,49,42,60,43,59,84,87,59,74,40,55,55
B.Com (Banking & Insurance),Banking & Insurance Services,80,88,96,64,87,49,49,55,49,44,73,83,72,52,50,46,43
CFA,Investment & Financial Analysis,99,80,84,80,90,47,42,49,48,41,99,88,53,71,51,41,60
CA,Chartered Accountancy & Auditing,93,78,81,95,69,50,60,47,57,57,86,90,58,76,56,56,97
B.Com (Computer Applications),Business & IT,87,98,57,70,43,97,60,57,41,41,87,96,45,71,55,53,53
CS,Corporate Law & Governance,76,98,83,56,57,60,85,48,70,42,80,58,86,83,42,55,51
B.Com (Taxation),Taxation & Audit,97,80,92,78,68,41,41,59,43,51,84,97,54,68,54,56,41
B.Com (Banking & Insurance),Banking & Insurance Services,98,94,91,65,97,41,43,58,59,50,61,84,62,40,54,44,52
B.Com (Hons),Corporate & Accounting Studies,89,73,83,80,75,52,43,41,48,56,52,80,56,63,45,49,98
B.Com (Taxation),Taxation & Audit,93,82,90,68,71,40,44,58,48,43,84,81,54,67,59,44,52
CA,Chartered Accountancy & Auditing,98,60,83,82,79,47,50,54,40,51,100,88,57,74,45,60,83
B.Com (Taxation),Taxation & Audit,98,85,98,69,62,51,52,45,51,44,86,97,57,62,51,43,60
CFA,Investment & Financial Analysis,81,80,83,84,100,58,54,53,57,41,99,80,41,71,59,55,69
B.Com (Computer Applications),Business & IT,88,95,57,69,53,100,67,58,54,49,93,89,45,69,55,55,55
B.Com (Banking & Insurance),Banking & Insurance Services,82,82,99,63,87,44,49,60,52,57,75,81,69,55,41,41,40
CA,Chartered Accountancy & Auditing,99,69,84,84,76,55,44,58,52,57,99,85,47,73,56,59,82
CS,Corporate Law & Governance,62,90,83,43,52,48,92,48,67,51,62,45,83,83,55,49,48
B.Com (International Business),International Trade,65,92,97,59,43,57,80,40,79,54,82,50,87,69,56,57,40
CFA,Investment & Financial Analysis,96,74,85,94,88,60,60,57,60,58,82,84,45,63,58,48,77
B.Com (General),Business & Finance,85,95,80,44,55,57,65,43,46,42,83,86,69,66,60,55,56
B.Com (E-Commerce),Digital Business,82,84,68,62,44,88,79,41,44,43,88,81,55,46,59,58,55
B.Com (Banking & Insurance),Banking & Insurance Services,85,82,95,72,84,60,59,47,41,60,67,81,69,47,48,58,42
B.Com (Professional Accounting),Professional Accounting & Auditing,85,63,87,60,84,51,55,48,54,51,84,49,40,84,51,60,60
B.Com (International Business),International Trade,72,99,87,48,44,47,93,60,77,46,87,43,90,80,58,44,58
BMS,Strategic Management,64,83,89,49,52,57,79,51,69,45,98,40,58,85,46,54,83
BBA,Management & Administration,63,98,93,51,48,52,78,42,69,45,91,53,91,90,41,46,59
B.Com (Computer Applications),Business & IT,83,84,56,64,57,90,75,46,48,56,90,80,41,69,56,53,43
BBA,Management & Administration,77,84,92,57,48,47,64,59,62,48,92,42,85,88,47,44,47
BBA,Management & Administration,71,98,87,46,60,49,63,49,76,58,99,43,83,99,59,42,43
M.Com,Advanced Commerce & Research,97,78,95,78,98,55,43,43,44,52,51,43,60,82,53,40,96
B.Com (Hons),Corporate & Accounting Studies,98,70,94,86,63,57,51,57,54,58,56,80,52,76,49,50,85
B.Com (Taxation),Taxation & Audit,95,87,98,76,77,50,49,59,59,58,85,87,49,65,55,56,45
B.Com (Hons),Corporate & Accounting Studies,98,60,91,84,66,52,49,42,52,42,40,87,47,74,60,52,95
B.Com (Banking & Insurance),Banking & Insurance Services,89,84,100,80,80,54,40,52,57,46,66,96,77,52,46,45,48
B.Com (International Business),International Trade,67,97,98,47,45,46,86,57,65,50,82,47,99,67,41,54,55
B.Com (Professional Accounting),Professional Accounting & Auditing,100,79,91,67,85,53,49,50,57,49,90,52,55,92,56,57,67
B.Com (E-Commerce),Digital Business,90,83,78,78,53,93,75,57,43,45,91,84,50,55,59,46,45
M.Com,Advanced Commerce & Research,91,63,80,63,87,54,52,41,53,48,60,54,80,91,50,57,96
B.Com (E-Commerce),Digital Business,86,85,68,69,52,98,76,60,58,44,99,85,47,54,40,48,56
B.Com (General),Business & Finance,92,100,92,48,41,50,68,57,56,44,99,80,61,60,60,41,42
B.Com (Professional Accounting),Professional Accounting & Auditing,96,62,88,68,98,59,51,54,47,43,85,56,40,96,45,41,69
B.Com (E-Commerce),Digital Business,80,90,73,79,44,93,77,52,40,45,96,97,59,58,41,48,48
B.Com (Taxation),Taxation & Audit,94,82,94,66,64,51,49,40,53,46,85,86,57,80,60,42,48
BBA,Management & Administration,73,83,88,59,49,49,61,58,80,57,97,56,87,96,54,51,41
B.Com (Professional Accounting),Professional Accounting & Auditing,99,65,98,80,84,52,41,40,59,55,97,46,57,89,42,44,73
B.Com (Hons),Corporate & Accounting Studies,100,61,90,89,76,46,43,53,43,56,45,98,55,60,57,47,100
B.Com (Banking & Insurance),Banking & Insurance Services,85,96,84,60,87,50,52,43,53,58,75,99,70,50,55,50,53
BMS,Strategic Management,60,90,83,51,42,59,70,48,73,49,96,40,51,99,47,47,84
B.Com (E-Commerce),Digital Business,95,87,67,61,45,99,78,45,47,55,83,83,48,55,57,41,51
B.Com (International Business),International Trade,70,97,98,46,51,47,82,56,61,42,94,51,88,70,59,53,58
B.Com (General),Business & Finance,99,90,99,47,50,40,73,56,49,43,90,80,64,76,44,46,56
BBA,Management & Administration,65,85,80,47,44,47,72,42,60,56,87,52,89,84,55,44,59
B.Com (Computer Applications),Business & IT,87,95,56,61,50,97,72,52,51,54,88,100,60,71,50,50,42
CS,Corporate Law & Governance,70,90,85,53,49,44,96,42,67,48,70,56,85,85,56,55,45
B.Com (International Business),International Trade,77,98,97,58,51,51,98,43,64,52,100,48,98,69,50,59,60
CFA,Investment & Financial Analysis,93,80,87,88,82,49,58,43,53,46,96,93,56,70,57,49,70
CA,Chartered Accountancy & Auditing,98,66,82,80,66,43,50,52,58,51,96,93,56,69,48,42,94
CFA,Investment & Financial Analysis,87,80,99,92,85,44,48,43,54,49,99,87,51,75,51,60,64
M.Com,Advanced Commerce & Research,96,67,93,76,87,49,45,54,49,43,54,58,75,92,43,51,100
M.Com,Advanced Commerce & Research,85,77,82,63,97,49,56,54,52,56,59,60,79,80,48,54,84
B.Com (E-Commerce),Digital Business,93,93,79,67,51,86,63,49,41,42,84,89,50,58,40,41,42
B.Com (Banking & Insurance),Banking & Insurance Services,86,83,90,79,100,44,44,44,45,54,61,83,70,53,42,49,57
B.Com (General),Business & Finance,80,98,84,57,54,54,66,46,46,46,88,94,62,65,46,51,49
CS,Corporate Law & Governance,67,80,97,44,43,57,97,41,77,55,75,41,85,92,59,45,47
B.Com (Professional Accounting),Professional Accounting & Auditing,100,73,100,62,92,46,53,53,49,42,88,54,43,90,41,47,66
B.Com (Professional Accounting),Professional Accounting & Auditing,95,61,90,69,95,43,47,56,49,56,82,57,55,97,55,59,78
BBA,Management & Administration,79,90,87,47,59,44,60,53,64,47,91,55,97,98,53,42,58
B.Com (Professional Accounting),Professional Accounting & Auditing,94,69,87,69,82,51,59,52,54,54,99,42,40,80,55,50,74
B.Com (International Business),International Trade,80,100,81,56,41,47,89,57,68,41,94,55,98,69,53,49,54
B.Com (Taxation),Taxation & Audit,95,96,80,63,75,53,55,53,44,40,95,84,43,64,46,47,44
B.Com (Hons),Corporate & Accounting Studies,82,79,84,99,67,59,44,42,48,54,42,93,60,61,54,41,83
B.Com (Taxation),Taxation & Audit,86,91,90,66,64,56,55,46,46,46,97,99,40,77,46,58,41
B.Com (Computer Applications),Business & IT,88,90,55,73,50,82,77,53,50,57,83,86,55,63,48,56,55
BBM,Business Leadership,60,80,83,49,58,58,63,43,45,42,58,40,89,68,91,97,57
BMS,Strategic Management,67,97,94,44,46,59,71,45,78,54,91,44,48,85,60,55,87
B.Com (Computer Applications),Business & IT,84,99,48,68,58,87,69,47,44,54,91,89,53,67,44,45,51
BBA,Management & Administration,77,97,90,59,57,47,67,42,69,47,90,42,80,96,45,47,54
B.Com (Taxation),Taxation & Audit,100,92,89,75,71,59,44,53,49,44,91,88,52,74,44,53,47
B.Com (Computer Applications),Business & IT,94,90,47,73,49,99,78,58,59,59,85,80,53,73,41,40,59
B.Com (Banking & Insurance),Banking & Insurance Services,97,83,87,77,98,52,51,42,51,49,70,83,78,58,41,51,42
B.Com (Professional Accounting),Professional Accounting & Auditing,86,65,95,71,88,59,42,59,60,58,82,56,44,91,40,60,62
CS,Corporate Law & Governance,70,96,91,48,54,45,99,50,72,45,71,54,81,98,43,41,43
B.Com (Taxation),Taxation & Audit,86,80,90,67,62,42,51,56,51,40,89,85,48,68,47,53,44
CA,Chartered Accountancy & Auditing,98,79,94,89,60,44,49,57,43,58,85,90,43,68,58,45,86
BMS,Strategic Management,76,84,85,43,55,42,72,60,67,47,97,53,58,83,57,51,81
B.Com (General),Business & Finance,82,87,89,47,49,46,71,55,60,41,100,88,79,64,42,43,42
BBM,Business Leadership,71,82,81,46,53,43,77,45,50,52,46,51,87,63,82,94,55
B.Com (E-Commerce),Digital Business,92,90,69,78,43,94,66,55,57,59,88,89,52,46,57,41,50
B.Com (Computer Applications),Business & IT,81,86,59,64,43,92,68,52,40,51,93,87,46,60,50,48,43
BMS,Strategic Management,70,83,88,50,56,42,67,48,68,58,85,46,55,83,45,53,98
B.Com (Hons),Corporate & Accounting Studies,87,72,83,89,75,55,47,56,41,47,45,96,49,72,55,51,93
CS,Corporate Law & Governance,74,95,95,46,40,55,89,49,79,50,69,48,81,98,41,55,44
B.Com (Hons),Corporate & Accounting Studies,84,75,80,100,60,56,51,46,52,54,59,83,51,75,47,49,89
B.Com (General),Business & Finance,98,93,89,55,55,56,77,52,54,54,94,90,60,71,42,51,44
B.Com (Taxation),Taxation & Audit,97,97,82,60,75,58,42,57,42,56,90,95,45,64,44,58,55
BBA,Management & Administration,68,86,90,48,58,47,77,43,73,44,81,44,95,82,47,52,56
CS,Corporate Law & Governance,70,89,97,58,45,58,81,60,66,40,71,45,97,95,42,47,55
B.Com (Banking & Insurance),Banking & Insurance Services,80,90,97,64,100,45,51,48,57,57,67,98,69,40,58,40,52
B.Com (Taxation),Taxation & Audit,85,99,81,70,66,49,58,43,53,48,94,89,41,70,47,55,40
CFA,Investment & Financial Analysis,81,68,99,98,87,58,43,47,59,47,80,85,54,75,53,55,77
B.Com (Hons),Corporate & Accounting Studies,80,61,95,84,67,50,50,54,51,42,55,80,48,78,44,54,99
BMS,Strategic Management,69,95,81,56,48,42,76,56,61,47,86,43,45,89,55,45,99
CFA,Investment & Financial Analysis,90,63,89,98,80,60,50,56,60,49,100,92,41,80,51,44,78
M.Com,Advanced Commerce & Research,89,72,95,66,92,50,55,41,59,59,44,48,63,100,54,53,83
BMS,Strategic Management,61,88,100,46,41,47,72,53,61,46,88,59,60,84,40,40,90
B.Com (General),Business & Finance,82,87,85,42,52,54,71,49,43,41,85,96,63,73,56,49,51
B.Com (Hons),Corporate & Accounting Studies,96,69,88,81,79,44,42,59,54,43,43,100,49,60,42,48,88
B.Com (Computer Applications),Business & IT,85,90,41,78,54,85,74,53,46,52,92,90,56,76,41,45,44
B.Com (Computer Applications),Business & IT,89,93,57,61,42,97,62,56,60,55,81,97,42,60,48,54,45
CFA,Investment & Financial Analysis,87,60,86,81,82,58,40,46,41,47,92,81,46,71,41,55,63
M.Com,Advanced Commerce & Research,94,68,90,74,94,41,43,54,43,47,47,56,61,82,52,56,90
M.Com,Advanced Commerce & Research,94,70,89,77,100,41,42,55,47,60,40,51,69,88,40,41,93
BMS,Strategic Management,80,93,89,52,56,48,73,46,76,47,89,47,42,91,59,50,84
M.Com,Advanced Commerce & Research,85,61,85,72,91,42,58,52,43,47,52,59,67,82,55,54,87
B.Com (Computer Applications),Business & IT,82,88,47,73,59,99,80,52,46,41,98,93,51,63,45,45,40
B.Com (General),Business & Finance,99,85,82,42,55,43,61,48,45,41,87,85,60,60,45,59,41
M.Com,Advanced Commerce & Research,80,68,100,70,83,57,59,53,44,59,52,52,60,97,49,45,90
BMS,Strategic Management,71,91,93,58,40,55,77,54,73,44,100,41,47,93,55,41,96
CS,Corporate Law & Governance,66,95,85,48,52,47,95,60,75,48,63,59,90,86,41,55,54
CA,Chartered Accountancy & Auditing,89,76,96,93,72,40,57,40,59,54,90,96,47,75,40,40,93
B.Com (Taxation),Taxation & Audit,99,89,90,72,60,43,45,44,52,59,81,94,56,74,57,42,52
CS,Corporate Law & Governance,71,91,89,53,43,49,90,45,71,44,77,42,90,84,42,50,41
BMS,Strategic Management,74,92,89,45,42,52,72,54,77,52,96,50,49,83,54,51,91
B.Com (Taxation),Taxation & Audit,93,80,92,66,79,53,59,50,42,55,83,93,45,73,50,57,46
B.Com (Hons),Corporate & Accounting Studies,88,73,91,97,63,60,52,59,57,44,55,86,46,67,44,48,88
BBM,Business Leadership,77,89,80,47,54,56,67,59,40,47,58,53,88,68,91,85,41
BMS,Strategic Management,60,97,81,56,55,59,79,40,61,45,83,57,47,87,48,47,80
B.Com (Hons),Corporate & Accounting Studies,95,77,89,85,80,42,45,41,52,46,56,87,45,80,59,58,94
CFA,Investment & Financial Analysis,88,69,87,82,96,47,47,47,57,57,97,80,41,66,53,49,78
B.Com (Banking & Insurance),Banking & Insurance Services,81,92,85,71,89,46,48,60,52,45,78,89,60,51,50,47,58
CA,Chartered Accountancy & Auditing,92,74,87,80,70,51,56,60,59,48,91,86,56,69,46,52,94
B.Com (Banking & Insurance),Banking & Insurance Services,98,98,80,69,80,50,51,40,58,43,80,86,68,46,53,47,49
BBM,Business Leadership,74,94,82,51,55,52,67,52,46,49,43,44,90,72,87,92,53
CS,Corporate Law & Governance,74,89,96,46,50,44,80,57,67,58,69,54,100,94,55,42,47
M.Com,Advanced Commerce & Research,82,70,98,80,90,46,56,42,52,44,51,47,60,95,49,57,90
CFA,Investment & Financial Analysis,88,75,98,81,94,50,52,42,60,47,89,96,50,76,48,59,71
BBM,Business Leadership,70,82,100,50,53,43,65,56,41,54,47,58,93,61,92,80,50
B.Com (Hons),Corporate & Accounting Studies,87,71,84,95,61,53,45,57,43,46,57,86,50,65,40,48,99
B.Com (Hons),Corporate & Accounting Studies,82,75,98,83,74,57,60,40,47,51,41,86,40,67,43,43,94
BBA,Management & Administration,76,96,98,54,47,56,66,45,70,55,85,59,92,83,54,50,50
CS,Corporate Law & Governance,60,87,97,60,56,44,94,48,74,56,66,54,86,86,58,41,44
CA,Chartered Accountancy & Auditing,98,71,93,96,65,49,41,48,54,58,97,99,54,77,55,47,84
B.Com (Computer Applications),Business & IT,85,81,57,66,40,89,66,51,50,50,80,90,42,65,45,47,44
B.Com (Taxation),Taxation & Audit,82,81,87,77,63,55,53,47,48,60,82,88,57,61,56,51,58
B.Com (Professional Accounting),Professional Accounting & Auditing,84,77,96,73,99,54,57,54,44,43,82,46,56,82,56,51,75
M.Com,Advanced Commerce & Research,98,62,96,71,82,51,56,44,51,54,42,46,67,82,44,55,96
B.Com (Taxation),Taxation & Audit,95,95,100,80,66,47,55,52,57,40,90,91,46,69,52,40,49
CA,Chartered Accountancy & Auditing,92,72,80,93,80,45,47,60,60,42,82,95,56,60,43,50,92
B.Com (Taxation),Taxation & Audit,81,84,94,72,60,55,53,54,40,48,86,83,43,76,49,47,57
M.Com,Advanced Commerce & Research,98,73,98,65,80,57,50,54,54,40,56,41,74,93,60,60,85
B.Com (Hons),Corporate & Accounting Studies,84,66,86,92,69,57,51,41,50,40,56,83,46,73,48,54,98
CS,Corporate Law & Governance,65,95,80,42,51,58,97,50,62,56,72,54,83,82,47,41,44
CA,Chartered Accountancy & Auditing,100,78,97,80,60,51,50,45,44,58,89,99,60,80,48,53,95
B.Com (Computer Applications),Business & IT,91,84,44,68,59,95,76,49,44,58,89,85,59,64,52,52,48
BBA,Management & Administration,74,90,89,54,43,42,69,42,71,45,81,48,99,87,59,53,44
B.Com (E-Commerce),Digital Business,95,91,65,65,55,85,60,44,46,42,82,89,59,44,43,57,48
CA,Chartered Accountancy & Auditing,94,69,86,85,66,56,58,43,55,47,81,87,44,67,41,43,97
B.Com (Banking & Insurance),Banking & Insurance Services,92,91,98,65,85,57,46,58,60,43,66,90,67,46,47,47,49
B.Com (General),Business & Finance,89,87,82,52,55,53,80,55,47,41,89,97,62,65,44,56,56
B.Com (E-Commerce),Digital Business,81,87,76,77,50,90,79,45,55,51,95,87,41,47,48,56,50
BMS,Strategic Management,70,82,88,47,55,58,70,53,61,57,91,60,45,91,53,46,98
B.Com (Computer Applications),Business & IT,89,84,58,75,60,92,67,50,58,59,88,85,46,73,53,52,58
B.Com (Taxation),Taxation & Audit,84,92,81,80,71,42,49,40,50,54,80,92,51,80,48,40,42
CFA,Investment & Financial Analysis,81,60,93,84,100,42,46,42,53,53,90,86,42,62,58,43,72
BMS,Strategic Management,69,83,81,54,51,43,73,55,75,41,81,57,42,80,56,47,93
CS,Corporate Law & Governance,62,94,89,46,59,40,89,41,64,41,61,43,93,89,58,58,42
M.Com,Advanced Commerce & Research,94,79,88,71,88,56,56,54,49,50,46,55,70,91,56,44,85
B.Com (Professional Accounting),Professional Accounting & Auditing,94,80,80,66,85,50,60,47,52,47,81,53,58,95,40,44,74
BMS,Strategic Management,79,89,90,45,60,59,67,59,69,47,92,50,52,81,42,52,100
B.Com (Banking & Insurance),Banking & Insurance Services,94,84,95,76,95,51,49,52,51,47,69,94,76,58,53,60,55
M.Com,Advanced Commerce & Research,92,72,84,79,99,58,44,46,42,52,59,55,73,100,51,43,96
BBA,Management & Administration,62,86,95,48,54,43,70,59,68,42,97,48,89,88,56,46,51
B.Com (Taxation),Taxation & Audit,80,82,94,66,63,58,47,60,58,51,87,81,44,62,46,54,60
BMS,Strategic Management,62,97,88,43,57,46,61,47,68,47,80,47,44,88,58,52,81
B.Com (Professional Accounting),Professional Accounting & Auditing,97,79,91,66,85,56,50,42,57,59,99,47,43,80,43,55,69
CA,Chartered Accountancy & Auditing,97,71,89,88,80,40,44,43,44,41,82,97,46,65,59,54,90
BBA,Management & Administration,74,98,98,57,44,45,75,53,72,52,92,56,92,94,51,48,44
CFA,Investment & Financial Analysis,88,72,85,83,81,52,49,55,53,47,84,86,60,76,48,55,76
B.Com (Taxation),Taxation & Audit,92,94,82,79,74,40,54,49,55,56,96,81,58,72,60,41,43
B.Com (Taxation),Taxation & Audit,83,81,88,75,74,56,47,54,45,42,93,86,46,67,58,48,58
B.Com (Professional Accounting),Professional Accounting & Auditing,91,68,99,78,93,47,48,54,49,49,89,43,59,81,40,56,69
B.Com (Taxation),Taxation & Audit,98,98,82,68,63,57,43,43,40,41,87,96,48,60,53,56,46
B.Com (International Business),International Trade,80,100,81,52,53,55,89,51,65,40,99,50,85,68,60,50,60
B.Com (E-Commerce),Digital Business,89,95,73,77,54,81,71,52,51,48,89,92,45,42,58,46,53
BMS,Strategic Management,77,80,88,58,51,46,79,57,64,40,96,55,42,80,49,52,82
BBA,Management & Administration,62,95,98,46,45,59,75,50,73,52,96,48,100,94,44,49,58
B.Com (International Business),International Trade,71,92,93,45,59,56,97,41,77,41,88,54,93,66,42,43,52
CA,Chartered Accountancy & Auditing,98,66,99,98,65,51,55,52,60,59,83,95,48,77,47,40,95
B.Com (Taxation),Taxation & Audit,100,88,82,72,70,55,58,55,41,50,93,97,46,60,55,44,53
BBM,Business Leadership,75,99,99,50,45,43,78,42,53,46,46,49,100,73,83,98,46
B.Com (E-Commerce),Digital Business,90,93,67,69,43,95,70,43,41,54,87,85,51,47,52,51,60
B.Com (Taxation),Taxation & Audit,81,86,98,79,72,51,43,49,47,42,94,86,44,64,47,53,57
